Entity,Code,Date,daily_new_confirmed,annotations,yyg_mean,yyg_lower,yyg_upper
Australia,AUS,2020-01-02,0.0,,,,
Australia,AUS,2020-01-03,0.0,,,,
Australia,AUS,2020-01-04,0.0,,,,
Australia,AUS,2020-01-05,0.0,,,,
Australia,AUS,2020-01-06,0.0,,,,
Australia,AUS,2020-01-07,0.0,,,,
Australia,AUS,2020-01-08,0.0,,,,
Australia,AUS,2020-01-09,0.0,,,,
Australia,AUS,2020-01-10,0.0,,,,
Australia,AUS,2020-01-11,0.0,,,,
Australia,AUS,2020-01-12,0.0,,,,
Australia,AUS,2020-01-13,0.0,,,,
Australia,AUS,2020-01-14,0.0,,,,
Australia,AUS,2020-01-15,0.0,,,,
Australia,AUS,2020-01-16,0.0,,,,
Australia,AUS,2020-01-17,0.0,,,,
Australia,AUS,2020-01-18,0.0,,,,
Australia,AUS,2020-01-19,0.0,,,,
Australia,AUS,2020-01-20,0.0,,,,
Australia,AUS,2020-01-21,0.0,,,,
Australia,AUS,2020-01-22,0.0,,,,
Australia,AUS,2020-01-23,0.0,,,,
Australia,AUS,2020-01-24,0.0,,,,
Australia,AUS,2020-01-25,0.14286,,,,
Australia,AUS,2020-01-26,0.57143,,,,
Australia,AUS,2020-01-27,0.57143,,,,
Australia,AUS,2020-01-28,0.57143,,,,
Australia,AUS,2020-01-29,0.57143,,,,
Australia,AUS,2020-01-30,0.85714,,,,
Australia,AUS,2020-01-31,1.0,,,,
Australia,AUS,2020-02-01,1.14286,,,,
Australia,AUS,2020-02-02,1.0,,,,
Australia,AUS,2020-02-03,1.0,,,,
Australia,AUS,2020-02-04,1.0,,,,
Australia,AUS,2020-02-05,1.14286,,,,
Australia,AUS,2020-02-06,1.0,,32.0,16.0,47.0
Australia,AUS,2020-02-07,1.0,,32.0,16.0,47.0
Australia,AUS,2020-02-08,0.71429,,32.0,16.0,47.0
Australia,AUS,2020-02-09,0.42857,,32.0,16.0,47.0
Australia,AUS,2020-02-10,0.42857,,32.0,16.0,47.0
Australia,AUS,2020-02-11,0.42857,,32.0,16.0,47.0
Australia,AUS,2020-02-12,0.28570999999999996,,32.0,16.0,47.0
Australia,AUS,2020-02-13,0.14286,,32.0,16.0,47.0
Australia,AUS,2020-02-14,0.14286,,32.0,16.0,47.0
Australia,AUS,2020-02-15,0.14286,,70.0,35.0,108.0
Australia,AUS,2020-02-16,0.14286,,70.0,35.0,108.0
Australia,AUS,2020-02-17,0.14286,,72.0,36.0,112.0
Australia,AUS,2020-02-18,0.14286,,77.0,38.0,120.0
Australia,AUS,2020-02-19,0.14286,,86.0,41.0,138.0
Australia,AUS,2020-02-20,0.14286,,101.0,46.0,164.0
Australia,AUS,2020-02-21,0.28570999999999996,,112.0,50.0,185.0
Australia,AUS,2020-02-22,0.85714,,120.0,53.0,202.0
Australia,AUS,2020-02-23,1.0,,130.0,56.0,221.0
Australia,AUS,2020-02-24,1.0,,140.0,58.0,243.0
Australia,AUS,2020-02-25,1.0,,153.0,62.0,272.0
Australia,AUS,2020-02-26,1.0,,167.0,65.0,300.0
Australia,AUS,2020-02-27,1.14286,,180.0,68.0,329.0
Australia,AUS,2020-02-28,0.85714,,193.0,71.0,361.0
Australia,AUS,2020-02-29,0.57143,,207.0,74.0,397.0
Australia,AUS,2020-03-01,0.57143,,223.0,77.0,434.0
Australia,AUS,2020-03-02,1.0,,240.0,80.0,482.0
Australia,AUS,2020-03-03,1.5714299999999999,,257.0,83.0,535.0
Australia,AUS,2020-03-04,2.71429,,275.0,85.0,593.0
Australia,AUS,2020-03-05,4.14286,,294.0,88.0,657.0
Australia,AUS,2020-03-06,5.14286,,315.0,90.0,727.0
Australia,AUS,2020-03-07,5.42857,,336.0,93.0,808.0
Australia,AUS,2020-03-08,6.857139999999999,,359.0,95.0,889.0
Australia,AUS,2020-03-09,7.285710000000001,,382.0,97.0,971.0
Australia,AUS,2020-03-10,9.57143,,406.0,99.0,1065.0
Australia,AUS,2020-03-11,10.14286,,430.0,101.0,1165.0
Australia,AUS,2020-03-12,10.57143,,455.0,102.0,1270.0
Australia,AUS,2020-03-13,13.85714,,479.0,103.0,1370.0
Australia,AUS,2020-03-14,19.14286,,503.0,105.0,1464.0
Australia,AUS,2020-03-15,25.0,,525.0,107.0,1524.0
Australia,AUS,2020-03-16,31.14286,,544.0,107.0,1594.0
Australia,AUS,2020-03-17,39.285709999999995,,560.0,111.0,1684.0
Australia,AUS,2020-03-18,48.85714,,573.0,113.0,1774.0
Australia,AUS,2020-03-19,62.714290000000005,,581.0,114.0,1793.0
Australia,AUS,2020-03-20,79.0,,584.0,116.0,1809.0
Australia,AUS,2020-03-21,96.71429,,583.0,112.0,1817.0
Australia,AUS,2020-03-22,121.28571000000001,,576.0,111.0,1820.0
Australia,AUS,2020-03-23,201.57143,,566.0,111.0,1871.0
Australia,AUS,2020-03-24,206.85714,,551.0,110.0,1873.0
Australia,AUS,2020-03-25,281.28571,,534.0,107.0,1789.0
Australia,AUS,2020-03-26,319.14286,,513.0,102.0,1693.0
Australia,AUS,2020-03-27,351.0,,491.0,98.0,1674.0
Australia,AUS,2020-03-28,357.71429,,467.0,94.0,1584.0
Australia,AUS,2020-03-29,387.28571,,443.0,90.0,1510.0
Australia,AUS,2020-03-30,340.57142999999996,,418.0,86.0,1430.0
Australia,AUS,2020-03-31,390.57142999999996,,394.0,82.0,1355.0
Australia,AUS,2020-04-01,326.28571,,370.0,78.0,1259.0
Australia,AUS,2020-04-02,311.0,,348.0,74.0,1190.0
Australia,AUS,2020-04-03,294.0,,326.0,71.0,1109.0
Australia,AUS,2020-04-04,310.0,,306.0,68.0,1030.0
Australia,AUS,2020-04-05,268.28571,,287.0,65.0,946.0
Australia,AUS,2020-04-06,235.85714,,269.0,62.0,869.0
Australia,AUS,2020-04-07,183.85714,,252.0,60.0,814.0
Australia,AUS,2020-04-08,178.42857,,237.0,58.0,759.0
Australia,AUS,2020-04-09,153.71428999999998,,222.0,56.0,711.0
Australia,AUS,2020-04-10,132.57143,,209.0,54.0,659.0
Australia,AUS,2020-04-11,98.57143,,196.0,52.0,618.0
Australia,AUS,2020-04-12,86.0,,185.0,49.0,571.0
Australia,AUS,2020-04-13,82.57143,,174.0,46.0,523.0
Australia,AUS,2020-04-14,74.57143,,164.0,43.0,478.0
Australia,AUS,2020-04-15,65.71429,,154.0,41.0,459.0
Australia,AUS,2020-04-16,58.0,,145.0,38.0,441.0
Australia,AUS,2020-04-17,49.285709999999995,,137.0,36.0,414.0
Australia,AUS,2020-04-18,42.14286,,129.0,34.0,387.0
Australia,AUS,2020-04-19,42.42857,,122.0,32.0,363.0
Australia,AUS,2020-04-20,41.42857,,116.0,31.0,345.0
Australia,AUS,2020-04-21,37.0,,109.0,29.0,322.0
Australia,AUS,2020-04-22,33.0,,103.0,28.0,303.0
Australia,AUS,2020-04-23,28.0,,98.0,26.0,290.0
Australia,AUS,2020-04-24,24.28571,,93.0,25.0,275.0
Australia,AUS,2020-04-25,22.0,,88.0,23.0,262.0
Australia,AUS,2020-04-26,16.71429,,83.0,22.0,247.0
Australia,AUS,2020-04-27,14.42857,,79.0,21.0,234.0
Australia,AUS,2020-04-28,14.28571,,75.0,20.0,220.0
Australia,AUS,2020-04-29,13.0,,71.0,19.0,209.0
Australia,AUS,2020-04-30,13.14286,,68.0,18.0,199.0
Australia,AUS,2020-05-01,13.57143,,64.0,17.0,191.0
Australia,AUS,2020-05-02,11.42857,,61.0,16.0,182.0
Australia,AUS,2020-05-03,11.42857,,58.0,16.0,171.0
Australia,AUS,2020-05-04,12.57143,,55.0,15.0,164.0
Australia,AUS,2020-05-05,14.28571,,53.0,14.0,158.0
Australia,AUS,2020-05-06,15.85714,,50.0,13.0,153.0
Australia,AUS,2020-05-07,18.42857,,48.0,13.0,145.0
Australia,AUS,2020-05-08,19.14286,,46.0,12.0,140.0
Australia,AUS,2020-05-09,21.0,,44.0,12.0,135.0
Australia,AUS,2020-05-10,20.85714,,42.0,11.0,132.0
Australia,AUS,2020-05-11,20.0,,40.0,11.0,126.0
Australia,AUS,2020-05-12,17.57143,,39.0,9.0,122.0
Australia,AUS,2020-05-13,16.42857,,37.0,9.0,116.0
Australia,AUS,2020-05-14,14.28571,,36.0,8.0,113.0
Australia,AUS,2020-05-15,13.28571,,35.0,8.0,113.0
Australia,AUS,2020-05-16,15.0,,35.0,8.0,114.0
Australia,AUS,2020-05-17,15.28571,,35.0,8.0,112.0
Australia,AUS,2020-05-18,14.85714,,35.0,8.0,112.0
Australia,AUS,2020-05-19,16.0,,35.0,7.0,109.0
Australia,AUS,2020-05-20,14.85714,,36.0,7.0,111.0
Australia,AUS,2020-05-21,14.85714,,37.0,7.0,115.0
Australia,AUS,2020-05-22,13.14286,,39.0,7.0,117.0
Australia,AUS,2020-05-23,10.85714,,41.0,7.0,123.0
Australia,AUS,2020-05-24,10.0,,43.0,8.0,131.0
Australia,AUS,2020-05-25,9.14286,,46.0,8.0,142.0
Australia,AUS,2020-05-26,8.28571,,50.0,8.0,156.0
Australia,AUS,2020-05-27,9.28571,,54.0,9.0,173.0
Australia,AUS,2020-05-28,8.57143,,59.0,10.0,192.0
Australia,AUS,2020-05-29,9.85714,,64.0,11.0,212.0
Australia,AUS,2020-05-30,11.14286,,70.0,12.0,234.0
Australia,AUS,2020-05-31,11.28571,,77.0,13.0,258.0
Australia,AUS,2020-06-01,12.28571,,84.0,14.0,288.0
Australia,AUS,2020-06-02,12.28571,,93.0,16.0,322.0
Australia,AUS,2020-06-03,12.57143,,102.0,18.0,362.0
Australia,AUS,2020-06-04,12.85714,,113.0,20.0,404.0
Australia,AUS,2020-06-05,12.85714,,124.0,23.0,448.0
Australia,AUS,2020-06-06,11.14286,,138.0,26.0,495.0
Australia,AUS,2020-06-07,10.0,,152.0,29.0,555.0
Australia,AUS,2020-06-08,9.28571,,168.0,33.0,622.0
Australia,AUS,2020-06-09,8.71429,,186.0,37.0,695.0
Australia,AUS,2020-06-10,6.57143,,207.0,42.0,775.0
Australia,AUS,2020-06-11,6.714289999999999,,229.0,47.0,869.0
Australia,AUS,2020-06-12,6.42857,,253.0,54.0,976.0
Australia,AUS,2020-06-13,5.57143,,281.0,61.0,1094.0
Australia,AUS,2020-06-14,6.714289999999999,,311.0,69.0,1220.0
Australia,AUS,2020-06-15,8.57143,,344.0,78.0,1364.0
Australia,AUS,2020-06-16,10.0,,381.0,89.0,1500.0
Australia,AUS,2020-06-17,11.42857,,421.0,101.0,1639.0
Australia,AUS,2020-06-18,13.42857,,465.0,114.0,1775.0
Australia,AUS,2020-06-19,15.14286,,512.0,129.0,1957.0
Australia,AUS,2020-06-20,17.0,,563.0,146.0,2122.0
Australia,AUS,2020-06-21,19.14286,,619.0,166.0,2261.0
Australia,AUS,2020-06-22,20.14286,,678.0,186.0,2407.0
Australia,AUS,2020-06-23,19.85714,,742.0,209.0,2578.0
Australia,AUS,2020-06-24,20.71429,,809.0,234.0,2741.0
Australia,AUS,2020-06-25,21.57143,,881.0,263.0,2874.0
Australia,AUS,2020-06-26,23.85714,,956.0,295.0,2913.0
Australia,AUS,2020-06-27,26.57143,,1036.0,331.0,3049.0
Australia,AUS,2020-06-28,29.285709999999998,,1119.0,370.0,3117.0
Australia,AUS,2020-06-29,32.14286,,1206.0,411.0,3160.0
Australia,AUS,2020-06-30,41.85714,,1297.0,462.0,3231.0
Australia,AUS,2020-07-01,48.85714,,1390.0,523.0,3308.0
Australia,AUS,2020-07-02,57.0,,1487.0,591.0,3335.0
Australia,AUS,2020-07-03,63.285709999999995,,1588.0,651.0,3360.0
Australia,AUS,2020-07-04,94.28571,,1691.0,726.0,3430.0
Australia,AUS,2020-07-05,103.0,,1798.0,806.0,3487.0
Australia,AUS,2020-07-06,109.0,,1907.0,890.0,3619.0
Australia,AUS,2020-07-07,117.0,,2019.0,998.0,3645.0
Australia,AUS,2020-07-08,131.57143,,2131.0,1114.0,3653.0
Australia,AUS,2020-07-09,138.0,,2243.0,1233.0,3751.0
Australia,AUS,2020-07-10,151.14286,,2352.0,1346.0,3881.0
Australia,AUS,2020-07-11,157.71428999999998,,2458.0,1408.0,4007.0
Australia,AUS,2020-07-12,170.14286,,2556.0,1523.0,4158.0
Australia,AUS,2020-07-13,192.57143,,2646.0,1523.0,4164.0
Australia,AUS,2020-07-14,199.14286,,2725.0,1595.0,4178.0
Australia,AUS,2020-07-15,213.71428999999998,,2791.0,1543.0,4228.0
Australia,AUS,2020-07-16,229.85714,,2843.0,1489.0,4266.0
Australia,AUS,2020-07-17,250.14286,,2879.0,1437.0,4347.0
Australia,AUS,2020-07-18,268.0,,2899.0,1369.0,4376.0
Australia,AUS,2020-07-19,269.71429,,2902.0,1314.0,4391.0
Australia,AUS,2020-07-20,286.42857000000004,,2890.0,1264.0,4400.0
Australia,AUS,2020-07-21,298.42857000000004,,2862.0,1208.0,4358.0
Australia,AUS,2020-07-22,311.0,,2820.0,1163.0,4322.0
Australia,AUS,2020-07-23,343.0,,2767.0,1120.0,4262.0
Australia,AUS,2020-07-24,356.57142999999996,,2703.0,1081.0,4179.0
Australia,AUS,2020-07-25,337.14286,,2631.0,1038.0,4116.0
Australia,AUS,2020-07-26,358.42857000000004,,2553.0,996.0,4030.0
Australia,AUS,2020-07-27,371.57142999999996,,2471.0,961.0,3928.0
Australia,AUS,2020-07-28,409.42857000000004,,2386.0,922.0,3816.0
Australia,AUS,2020-07-29,410.85714,,2300.0,877.0,3703.0
Australia,AUS,2020-07-30,383.71429,,2213.0,841.0,3577.0
Australia,AUS,2020-07-31,428.14286,,2127.0,809.0,3420.0
Australia,AUS,2020-08-01,472.85714,,2042.0,773.0,3261.0
Australia,AUS,2020-08-02,476.0,,1959.0,740.0,3135.0
Australia,AUS,2020-08-03,502.85714,,1878.0,707.0,2982.0
Australia,AUS,2020-08-04,483.28570999999994,,1800.0,676.0,2850.0
Australia,AUS,2020-08-05,489.28570999999994,,1724.0,646.0,2713.0
Australia,AUS,2020-08-06,551.71429,,1651.0,616.0,2598.0
Australia,AUS,2020-08-07,508.42857000000004,,1581.0,583.0,2490.0
Australia,AUS,2020-08-08,481.0,,1513.0,554.0,2395.0
Australia,AUS,2020-08-09,488.0,,1449.0,530.0,2290.0
Australia,AUS,2020-08-10,451.57142999999996,,1386.0,508.0,2216.0
Australia,AUS,2020-08-11,439.85714,,1327.0,489.0,2126.0
Australia,AUS,2020-08-12,426.28570999999994,,1270.0,469.0,2047.0
Australia,AUS,2020-08-13,383.28571,,1215.0,448.0,1960.0
Australia,AUS,2020-08-14,356.57142999999996,,1163.0,430.0,1874.0
Australia,AUS,2020-08-15,353.0,,1113.0,408.0,1790.0
Australia,AUS,2020-08-16,333.85714,,1066.0,388.0,1717.0
Australia,AUS,2020-08-17,314.85714,,1020.0,368.0,1653.0
Australia,AUS,2020-08-18,314.57142999999996,,977.0,353.0,1581.0
Australia,AUS,2020-08-19,294.28571,,935.0,338.0,1518.0
Australia,AUS,2020-08-20,266.57142999999996,,895.0,322.0,1460.0
Australia,AUS,2020-08-21,268.28571,,857.0,308.0,1412.0
Australia,AUS,2020-08-22,237.71428999999998,,821.0,293.0,1369.0
Australia,AUS,2020-08-23,223.85714,,786.0,280.0,1330.0
Australia,AUS,2020-08-24,217.71428999999998,,753.0,267.0,1291.0
Australia,AUS,2020-08-25,188.14286,,722.0,253.0,1252.0
Australia,AUS,2020-08-26,182.85714,,693.0,242.0,1204.0
Australia,AUS,2020-08-27,173.14286,,664.0,232.0,1162.0
Australia,AUS,2020-08-28,155.14286,,637.0,222.0,1132.0
Australia,AUS,2020-08-29,148.71428999999998,,611.0,211.0,1103.0
Australia,AUS,2020-08-30,135.0,,587.0,201.0,1074.0
Australia,AUS,2020-08-31,122.57143,,563.0,191.0,1046.0
Australia,AUS,2020-09-01,118.57143,,541.0,182.0,1018.0
Australia,AUS,2020-09-02,109.42857,,519.0,174.0,991.0
Australia,AUS,2020-09-03,102.57143,,499.0,167.0,957.0
Australia,AUS,2020-09-04,103.85714,,480.0,160.0,930.0
Australia,AUS,2020-09-05,98.28571,,461.0,154.0,909.0
Australia,AUS,2020-09-06,94.28571,,443.0,147.0,885.0
Australia,AUS,2020-09-07,87.0,,426.0,141.0,861.0
Australia,AUS,2020-09-08,82.28571,,410.0,135.0,839.0
Australia,AUS,2020-09-09,79.28571,,395.0,129.0,814.0
Australia,AUS,2020-09-10,77.42857,,380.0,121.0,790.0
Australia,AUS,2020-09-11,66.28571,,366.0,113.0,774.0
Australia,AUS,2020-09-12,61.285709999999995,,353.0,106.0,755.0
Australia,AUS,2020-09-13,57.14286,,340.0,99.0,737.0
Australia,AUS,2020-09-14,53.14286,,327.0,91.0,720.0
Australia,AUS,2020-09-15,52.85714,,316.0,87.0,704.0
Australia,AUS,2020-09-16,52.0,,305.0,83.0,688.0
Australia,AUS,2020-09-17,44.85714,,294.0,80.0,671.0
Australia,AUS,2020-09-18,42.85714,,284.0,75.0,661.0
Australia,AUS,2020-09-19,42.285709999999995,,274.0,70.0,653.0
Australia,AUS,2020-09-20,39.714290000000005,,265.0,66.0,645.0
Australia,AUS,2020-09-21,35.285709999999995,,256.0,63.0,633.0
Australia,AUS,2020-09-22,31.42857,,247.0,60.0,623.0
Australia,AUS,2020-09-23,29.14286,,239.0,57.0,609.0
Australia,AUS,2020-09-24,27.714290000000002,,231.0,54.0,597.0
Australia,AUS,2020-09-25,24.28571,,224.0,51.0,582.0
Australia,AUS,2020-09-26,19.85714,,217.0,47.0,572.0
Australia,AUS,2020-09-27,18.71429,,210.0,45.0,562.0
Australia,AUS,2020-09-28,20.28571,,203.0,42.0,555.0
Australia,AUS,2020-09-29,18.85714,,197.0,39.0,545.0
Australia,AUS,2020-09-30,17.28571,,191.0,37.0,535.0
Australia,AUS,2020-10-01,12.85714,,186.0,35.0,526.0
Australia,AUS,2020-10-02,16.14286,,180.0,32.0,516.0
Australia,AUS,2020-10-03,16.14286,,175.0,30.0,509.0
Australia,AUS,2020-10-04,15.0,,170.0,28.0,505.0
Australia,AUS,2020-10-05,13.71429,,,,
Australia,AUS,2020-10-06,15.0,,,,
Australia,AUS,2020-10-07,15.85714,,,,
Australia,AUS,2020-10-08,17.0,,,,
Australia,AUS,2020-10-09,15.71429,,,,
Australia,AUS,2020-10-10,16.57143,,,,
Australia,AUS,2020-10-11,17.57143,,,,
Australia,AUS,2020-10-12,18.28571,,,,
Australia,AUS,2020-10-13,19.57143,,,,
Australia,AUS,2020-10-14,20.42857,,,,
Australia,AUS,2020-10-15,22.71429,,,,
Australia,AUS,2020-10-16,22.28571,,,,
Australia,AUS,2020-10-17,20.28571,,,,
Australia,AUS,2020-10-18,19.85714,,,,
Australia,AUS,2020-10-19,18.0,,,,
Australia,AUS,2020-10-20,16.14286,,,,
Australia,AUS,2020-10-21,16.14286,,,,
Australia,AUS,2020-10-22,14.71429,,,,
Australia,AUS,2020-10-23,14.85714,,,,
Australia,AUS,2020-10-24,16.14286,,,,
Australia,AUS,2020-10-25,16.57143,,,,
Australia,AUS,2020-10-26,18.57143,,,,
Australia,AUS,2020-10-27,18.28571,,,,
Australia,AUS,2020-10-28,15.85714,,,,
Australia,AUS,2020-10-29,15.71429,,,,
Australia,AUS,2020-10-30,14.71429,,,,
Australia,AUS,2020-10-31,14.0,,,,
Australia,AUS,2020-11-01,13.0,,,,
Australia,AUS,2020-11-02,10.71429,,,,
Australia,AUS,2020-11-03,10.71429,,,,
Brazil,BRA,2020-01-02,0.0,,,,
Brazil,BRA,2020-01-03,0.0,,,,
Brazil,BRA,2020-01-04,0.0,,,,
Brazil,BRA,2020-01-05,0.0,,,,
Brazil,BRA,2020-01-06,0.0,,,,
Brazil,BRA,2020-01-07,0.0,,,,
Brazil,BRA,2020-01-08,0.0,,,,
Brazil,BRA,2020-01-09,0.0,,,,
Brazil,BRA,2020-01-10,0.0,,,,
Brazil,BRA,2020-01-11,0.0,,,,
Brazil,BRA,2020-01-12,0.0,,,,
Brazil,BRA,2020-01-13,0.0,,,,
Brazil,BRA,2020-01-14,0.0,,,,
Brazil,BRA,2020-01-15,0.0,,,,
Brazil,BRA,2020-01-16,0.0,,,,
Brazil,BRA,2020-01-17,0.0,,,,
Brazil,BRA,2020-01-18,0.0,,,,
Brazil,BRA,2020-01-19,0.0,,,,
Brazil,BRA,2020-01-20,0.0,,,,
Brazil,BRA,2020-01-21,0.0,,,,
Brazil,BRA,2020-01-22,0.0,,,,
Brazil,BRA,2020-01-23,0.0,,,,
Brazil,BRA,2020-01-24,0.0,,,,
Brazil,BRA,2020-01-25,0.0,,,,
Brazil,BRA,2020-01-26,0.0,,,,
Brazil,BRA,2020-01-27,0.0,,,,
Brazil,BRA,2020-01-28,0.0,,,,
Brazil,BRA,2020-01-29,0.0,,,,
Brazil,BRA,2020-01-30,0.0,,,,
Brazil,BRA,2020-01-31,0.0,,,,
Brazil,BRA,2020-02-01,0.0,,,,
Brazil,BRA,2020-02-02,0.0,,,,
Brazil,BRA,2020-02-03,0.0,,,,
Brazil,BRA,2020-02-04,0.0,,,,
Brazil,BRA,2020-02-05,0.0,,,,
Brazil,BRA,2020-02-06,0.0,,,,
Brazil,BRA,2020-02-07,0.0,,,,
Brazil,BRA,2020-02-08,0.0,,,,
Brazil,BRA,2020-02-09,0.0,,,,
Brazil,BRA,2020-02-10,0.0,,,,
Brazil,BRA,2020-02-11,0.0,,,,
Brazil,BRA,2020-02-12,0.0,,,,
Brazil,BRA,2020-02-13,0.0,,,,
Brazil,BRA,2020-02-14,0.0,,,,
Brazil,BRA,2020-02-15,0.0,,,,
Brazil,BRA,2020-02-16,0.0,,,,
Brazil,BRA,2020-02-17,0.0,,,,
Brazil,BRA,2020-02-18,0.0,,,,
Brazil,BRA,2020-02-19,0.0,,,,
Brazil,BRA,2020-02-20,0.0,,,,
Brazil,BRA,2020-02-21,0.0,,,,
Brazil,BRA,2020-02-22,0.0,,773.0,429.0,1126.0
Brazil,BRA,2020-02-23,0.0,,773.0,429.0,1126.0
Brazil,BRA,2020-02-24,0.0,,773.0,429.0,1126.0
Brazil,BRA,2020-02-25,0.0,,773.0,429.0,1126.0
Brazil,BRA,2020-02-26,0.14286,,773.0,429.0,1126.0
Brazil,BRA,2020-02-27,0.14286,,773.0,429.0,1126.0
Brazil,BRA,2020-02-28,0.14286,,773.0,429.0,1126.0
Brazil,BRA,2020-02-29,0.14286,,773.0,429.0,1126.0
Brazil,BRA,2020-03-01,0.28570999999999996,,773.0,429.0,1126.0
Brazil,BRA,2020-03-02,0.28570999999999996,,2183.0,1250.0,3088.0
Brazil,BRA,2020-03-03,0.28570999999999996,,2174.0,1245.0,3076.0
Brazil,BRA,2020-03-04,0.14286,,2295.0,1331.0,3251.0
Brazil,BRA,2020-03-05,0.28570999999999996,,2545.0,1477.0,3607.0
Brazil,BRA,2020-03-06,1.0,,3063.0,1760.0,4390.0
Brazil,BRA,2020-03-07,1.71429,,3873.0,2230.0,5658.0
Brazil,BRA,2020-03-08,1.5714299999999999,,4515.0,2630.0,6676.0
Brazil,BRA,2020-03-09,3.28571,,5091.0,2988.0,7617.0
Brazil,BRA,2020-03-10,3.28571,,5792.0,3390.0,8787.0
Brazil,BRA,2020-03-11,4.57143,,6653.0,3916.0,10250.0
Brazil,BRA,2020-03-12,7.0,,7748.0,4451.0,12124.0
Brazil,BRA,2020-03-13,9.85714,,8931.0,5158.0,14171.0
Brazil,BRA,2020-03-14,12.14286,,10192.0,5719.0,16390.0
Brazil,BRA,2020-03-15,15.42857,,11604.0,6479.0,18918.0
Brazil,BRA,2020-03-16,25.0,,13230.0,7167.0,21874.0
Brazil,BRA,2020-03-17,29.85714,,15119.0,8119.0,25347.0
Brazil,BRA,2020-03-18,36.714290000000005,,17255.0,9139.0,29318.0
Brazil,BRA,2020-03-19,53.714290000000005,,19635.0,10174.0,33786.0
Brazil,BRA,2020-03-20,77.71429,,22303.0,11251.0,38830.0
Brazil,BRA,2020-03-21,115.14286000000001,,25313.0,12528.0,44623.0
Brazil,BRA,2020-03-22,143.85714,,28718.0,13945.0,51196.0
Brazil,BRA,2020-03-23,192.28571000000002,,32545.0,15633.0,58634.0
Brazil,BRA,2020-03-24,236.71428999999998,,36815.0,17551.0,66959.0
Brazil,BRA,2020-03-25,272.85714,,41565.0,19625.0,76363.0
Brazil,BRA,2020-03-26,286.42857000000004,,46837.0,21628.0,86724.0
Brazil,BRA,2020-03-27,327.71429,,52666.0,23919.0,98167.0
Brazil,BRA,2020-03-28,359.0,,59072.0,26371.0,110690.0
Brazil,BRA,2020-03-29,396.57142999999996,,66057.0,28981.0,124245.0
Brazil,BRA,2020-03-30,387.14286,,73611.0,31734.0,136809.0
Brazil,BRA,2020-03-31,384.0,,81709.0,34616.0,149272.0
Brazil,BRA,2020-04-01,502.28570999999994,,90309.0,37590.0,168674.0
Brazil,BRA,2020-04-02,629.0,,99340.0,40636.0,186679.0
Brazil,BRA,2020-04-03,713.57143,,108709.0,43728.0,204085.0
Brazil,BRA,2020-04-04,805.57143,,118303.0,47431.0,219460.0
Brazil,BRA,2020-04-05,910.5714300000001,,127996.0,51015.0,234814.0
Brazil,BRA,2020-04-06,982.0,,137654.0,54450.0,252405.0
Brazil,BRA,2020-04-07,1068.14286,,147142.0,57337.0,270953.0
Brazil,BRA,2020-04-08,1142.85714,,156330.0,59904.0,286623.0
Brazil,BRA,2020-04-09,1298.7142900000001,,165100.0,62456.0,301266.0
Brazil,BRA,2020-04-10,1421.0,,173353.0,65243.0,310081.0
Brazil,BRA,2020-04-11,1511.7142900000001,,181010.0,67399.0,318385.0
Brazil,BRA,2020-04-12,1492.7142900000001,,188018.0,70354.0,330086.0
Brazil,BRA,2020-04-13,1577.0,,194344.0,73498.0,337788.0
Brazil,BRA,2020-04-14,1624.85714,,199980.0,75927.0,345334.0
Brazil,BRA,2020-04-15,1649.2857099999999,,204934.0,78215.0,353626.0
Brazil,BRA,2020-04-16,1770.42857,,209234.0,80851.0,360976.0
Brazil,BRA,2020-04-17,1795.42857,,212915.0,83975.0,367422.0
Brazil,BRA,2020-04-18,2006.28571,,216025.0,87171.0,371838.0
Brazil,BRA,2020-04-19,2267.42857,,218614.0,89967.0,373424.0
Brazil,BRA,2020-04-20,2355.0,,220733.0,92227.0,375318.0
Brazil,BRA,2020-04-21,2450.14286,,222434.0,93880.0,376124.0
Brazil,BRA,2020-04-22,2545.28571,,223764.0,95957.0,375721.0
Brazil,BRA,2020-04-23,2491.0,,224770.0,98354.0,374419.0
Brazil,BRA,2020-04-24,2723.85714,,225492.0,100709.0,372492.0
Brazil,BRA,2020-04-25,2759.0,,225966.0,102865.0,369945.0
Brazil,BRA,2020-04-26,3130.0,,226226.0,104464.0,368890.0
Brazil,BRA,2020-04-27,3319.14286,,226299.0,105837.0,365837.0
Brazil,BRA,2020-04-28,3702.85714,,226210.0,107929.0,362083.0
Brazil,BRA,2020-04-29,4115.28571,,225980.0,109480.0,358732.0
Brazil,BRA,2020-04-30,4629.28571,,225627.0,111518.0,354549.0
Brazil,BRA,2020-05-01,5126.85714,,225167.0,113533.0,351140.0
Brazil,BRA,2020-05-02,5513.42857,,224613.0,115079.0,346684.0
Brazil,BRA,2020-05-03,5435.71429,,223977.0,116626.0,341117.0
Brazil,BRA,2020-05-04,5608.42857,,223267.0,118173.0,334955.0
Brazil,BRA,2020-05-05,5897.0,,222492.0,119707.0,330330.0
Brazil,BRA,2020-05-06,6118.42857,,221659.0,120496.0,329491.0
Brazil,BRA,2020-05-07,6722.285709999999,,220767.0,121321.0,325707.0
Brazil,BRA,2020-05-08,7103.714290000001,,219821.0,122635.0,319280.0
Brazil,BRA,2020-05-09,7677.0,,218837.0,123365.0,317829.0
Brazil,BRA,2020-05-10,8482.85714,,217760.0,124548.0,314119.0
Brazil,BRA,2020-05-11,8793.14286,,216703.0,124944.0,311892.0
Brazil,BRA,2020-05-12,8650.14286,,215587.0,125478.0,308669.0
Brazil,BRA,2020-05-13,8982.0,,214493.0,126526.0,305910.0
Brazil,BRA,2020-05-14,9108.0,,213360.0,129284.0,302957.0
Brazil,BRA,2020-05-15,9687.42857,,212196.0,131341.0,298676.0
Brazil,BRA,2020-05-16,10413.57143,,211028.0,132874.0,294549.0
Brazil,BRA,2020-05-17,11029.0,,209847.0,133441.0,291910.0
Brazil,BRA,2020-05-18,11197.28571,,208664.0,133194.0,289771.0
Brazil,BRA,2020-05-19,12269.85714,,207469.0,134739.0,286654.0
Brazil,BRA,2020-05-20,13434.14286,,206263.0,136605.0,286323.0
Brazil,BRA,2020-05-21,14657.85714,,205053.0,138078.0,284063.0
Brazil,BRA,2020-05-22,15309.85714,,203841.0,136985.0,283600.0
Brazil,BRA,2020-05-23,16095.28571,,202631.0,135911.0,283258.0
Brazil,BRA,2020-05-24,16322.28571,,201425.0,136160.0,282480.0
Brazil,BRA,2020-05-25,17447.28571,,200226.0,134884.0,281461.0
Brazil,BRA,2020-05-26,17239.71429,,199037.0,134302.0,280345.0
Brazil,BRA,2020-05-27,17084.85714,,197862.0,133840.0,279250.0
Brazil,BRA,2020-05-28,17177.42857,,196708.0,133327.0,278391.0
Brazil,BRA,2020-05-29,18307.28571,,195579.0,132770.0,277756.0
Brazil,BRA,2020-05-30,19182.28571,,194481.0,131921.0,277365.0
Brazil,BRA,2020-05-31,21577.42857,,193423.0,130768.0,277115.0
Brazil,BRA,2020-06-01,21662.57143,,192415.0,129558.0,276650.0
Brazil,BRA,2020-06-02,21649.85714,,191461.0,128061.0,276011.0
Brazil,BRA,2020-06-03,23451.57143,,190568.0,126623.0,274642.0
Brazil,BRA,2020-06-04,24599.28571,,189746.0,125586.0,274819.0
Brazil,BRA,2020-06-05,25242.0,,189004.0,124009.0,275418.0
Brazil,BRA,2020-06-06,25799.42857,,188351.0,122562.0,275753.0
Brazil,BRA,2020-06-07,24913.85714,,187795.0,121881.0,274191.0
Brazil,BRA,2020-06-08,25272.71429,,187340.0,121864.0,273497.0
Brazil,BRA,2020-06-09,25852.14286,,186993.0,121948.0,274877.0
Brazil,BRA,2020-06-10,26302.85714,,186756.0,122129.0,277018.0
Brazil,BRA,2020-06-11,26914.285710000004,,186633.0,121711.0,277996.0
Brazil,BRA,2020-06-12,26842.28571,,186623.0,121134.0,278705.0
Brazil,BRA,2020-06-13,26149.71429,,186724.0,120386.0,279419.0
Brazil,BRA,2020-06-14,25382.42857,,186934.0,121687.0,279175.0
Brazil,BRA,2020-06-15,25123.71429,,187248.0,120267.0,278672.0
Brazil,BRA,2020-06-16,25837.0,,187661.0,119245.0,278137.0
Brazil,BRA,2020-06-17,26240.85714,,188166.0,119525.0,279217.0
Brazil,BRA,2020-06-18,26137.28571,,188754.0,120060.0,278322.0
Brazil,BRA,2020-06-19,25044.85714,,189419.0,121243.0,278204.0
Brazil,BRA,2020-06-20,29157.57143,,190150.0,122322.0,277735.0
Brazil,BRA,2020-06-21,31009.285710000004,,190940.0,123652.0,276864.0
Brazil,BRA,2020-06-22,31059.142860000004,,191779.0,124012.0,275149.0
Brazil,BRA,2020-06-23,31171.285710000004,,192658.0,124641.0,274638.0
Brazil,BRA,2020-06-24,31816.714289999996,,193571.0,125160.0,275079.0
Brazil,BRA,2020-06-25,33322.0,,194508.0,125650.0,274932.0
Brazil,BRA,2020-06-26,35710.285710000004,,195464.0,127296.0,275199.0
Brazil,BRA,2020-06-27,34580.14286,,196432.0,128242.0,276418.0
Brazil,BRA,2020-06-28,35155.42857,,197407.0,129516.0,277148.0
Brazil,BRA,2020-06-29,37015.0,,198384.0,130811.0,277527.0
Brazil,BRA,2020-06-30,37389.285710000004,,199358.0,132048.0,278354.0
Brazil,BRA,2020-07-01,36590.714289999996,,200326.0,133331.0,278746.0
Brazil,BRA,2020-07-02,37160.285710000004,,201284.0,135127.0,279078.0
Brazil,BRA,2020-07-03,38392.0,,202229.0,137220.0,279292.0
Brazil,BRA,2020-07-04,37729.57143,,203159.0,138327.0,279184.0
Brazil,BRA,2020-07-05,37619.57143,,204075.0,140293.0,279577.0
Brazil,BRA,2020-07-06,36987.42857,,204964.0,140589.0,280971.0
Brazil,BRA,2020-07-07,36441.285710000004,,205831.0,142651.0,281701.0
Brazil,BRA,2020-07-08,38078.285710000004,,206673.0,143475.0,282490.0
Brazil,BRA,2020-07-09,37772.42857,,207490.0,144328.0,282098.0
Brazil,BRA,2020-07-10,36988.714289999996,,208285.0,145624.0,282083.0
Brazil,BRA,2020-07-11,37392.285710000004,,209042.0,146899.0,283091.0
Brazil,BRA,2020-07-12,37549.42857,,209769.0,148191.0,284325.0
Brazil,BRA,2020-07-13,37375.14286,,210464.0,149332.0,284493.0
Brazil,BRA,2020-07-14,37383.285710000004,,211126.0,150801.0,284991.0
Brazil,BRA,2020-07-15,36890.714289999996,,211756.0,152307.0,286697.0
Brazil,BRA,2020-07-16,36226.85714,,212345.0,152185.0,286258.0
Brazil,BRA,2020-07-17,36624.57143,,212895.0,152427.0,285046.0
Brazil,BRA,2020-07-18,35071.57143,,213406.0,152813.0,285024.0
Brazil,BRA,2020-07-19,33572.85714,,213875.0,153187.0,285584.0
Brazil,BRA,2020-07-20,33386.85714,,214302.0,153778.0,287292.0
Brazil,BRA,2020-07-21,33382.714289999996,,214689.0,154411.0,289231.0
Brazil,BRA,2020-07-22,33261.42857,,215021.0,154998.0,291100.0
Brazil,BRA,2020-07-23,37252.285710000004,,215304.0,154634.0,293314.0
Brazil,BRA,2020-07-24,39332.0,,215537.0,153294.0,295122.0
Brazil,BRA,2020-07-25,42434.0,,215717.0,152701.0,295469.0
Brazil,BRA,2020-07-26,45664.714289999996,,215849.0,152307.0,296019.0
Brazil,BRA,2020-07-27,45814.57143,,215916.0,152115.0,296705.0
Brazil,BRA,2020-07-28,46247.0,,215925.0,150895.0,297568.0
Brazil,BRA,2020-07-29,46219.57143,,215876.0,149510.0,297396.0
Brazil,BRA,2020-07-30,46393.0,,215769.0,147531.0,297990.0
Brazil,BRA,2020-07-31,46089.57143,,215608.0,145461.0,298983.0
Brazil,BRA,2020-08-01,45588.42857,,215380.0,144082.0,299763.0
Brazil,BRA,2020-08-02,44766.285710000004,,215092.0,142703.0,300034.0
Brazil,BRA,2020-08-03,44940.85714,,214745.0,142232.0,301387.0
Brazil,BRA,2020-08-04,43991.85714,,214341.0,141103.0,302535.0
Brazil,BRA,2020-08-05,45532.85714,,213881.0,140483.0,303468.0
Brazil,BRA,2020-08-06,43829.714289999996,,213365.0,138425.0,304400.0
Brazil,BRA,2020-08-07,43158.57143,,212794.0,137316.0,305245.0
Brazil,BRA,2020-08-08,42851.0,,212171.0,135298.0,305505.0
Brazil,BRA,2020-08-09,43505.0,,211496.0,133642.0,305676.0
Brazil,BRA,2020-08-10,43106.42857,,210773.0,132457.0,306165.0
Brazil,BRA,2020-08-11,43878.85714,,210003.0,130408.0,306675.0
Brazil,BRA,2020-08-12,43958.42857,,209186.0,128748.0,307165.0
Brazil,BRA,2020-08-13,43673.14286,,208324.0,127250.0,308047.0
Brazil,BRA,2020-08-14,44666.285710000004,,207418.0,126072.0,308706.0
Brazil,BRA,2020-08-15,44725.42857,,206469.0,124659.0,308153.0
Brazil,BRA,2020-08-16,43526.285710000004,,205477.0,123141.0,307456.0
Brazil,BRA,2020-08-17,43539.285710000004,,204443.0,121205.0,307023.0
Brazil,BRA,2020-08-18,43157.14286,,203367.0,118913.0,307607.0
Brazil,BRA,2020-08-19,42532.0,,202249.0,116555.0,307178.0
Brazil,BRA,2020-08-20,41695.285710000004,,201090.0,114228.0,306522.0
Brazil,BRA,2020-08-21,39585.57143,,199890.0,111878.0,306229.0
Brazil,BRA,2020-08-22,36687.14286,,198650.0,109958.0,305327.0
Brazil,BRA,2020-08-23,37895.14286,,197368.0,108059.0,304779.0
Brazil,BRA,2020-08-24,37940.85714,,196288.0,106467.0,304590.0
Brazil,BRA,2020-08-25,37613.0,,195165.0,104772.0,304292.0
Brazil,BRA,2020-08-26,37520.14286,,194011.0,103098.0,304288.0
Brazil,BRA,2020-08-27,37214.85714,,192838.0,101472.0,305760.0
Brazil,BRA,2020-08-28,37059.42857,,191672.0,99928.0,307177.0
Brazil,BRA,2020-08-29,38924.714289999996,,190537.0,98376.0,308668.0
Brazil,BRA,2020-08-30,37684.42857,,189416.0,97135.0,307636.0
Brazil,BRA,2020-08-31,36646.85714,,188295.0,95949.0,307147.0
Brazil,BRA,2020-09-01,40773.0,,187175.0,94662.0,306196.0
Brazil,BRA,2020-09-02,40133.714289999996,,186058.0,93306.0,305856.0
Brazil,BRA,2020-09-03,40101.285710000004,,184954.0,92158.0,305873.0
Brazil,BRA,2020-09-04,40035.285710000004,,183865.0,90919.0,305904.0
Brazil,BRA,2020-09-05,41147.0,,182789.0,89101.0,306453.0
Brazil,BRA,2020-09-06,39549.57143,,181725.0,86771.0,306872.0
Brazil,BRA,2020-09-07,39315.714289999996,,180674.0,85587.0,307430.0
Brazil,BRA,2020-09-08,34217.42857,,179640.0,83982.0,307305.0
Brazil,BRA,2020-09-09,30163.142860000004,,178626.0,82438.0,307274.0
Brazil,BRA,2020-09-10,28574.857139999996,,177633.0,81094.0,307075.0
Brazil,BRA,2020-09-11,28115.42857,,176663.0,79439.0,306822.0
Brazil,BRA,2020-09-12,27047.42857,,175716.0,77942.0,307436.0
Brazil,BRA,2020-09-13,27526.714289999996,,174797.0,76523.0,309099.0
Brazil,BRA,2020-09-14,27562.0,,173905.0,75138.0,310274.0
Brazil,BRA,2020-09-15,28259.42857,,173045.0,73792.0,314306.0
Brazil,BRA,2020-09-16,31455.714289999996,,172216.0,72427.0,314699.0
Brazil,BRA,2020-09-17,31599.142860000004,,171422.0,71312.0,315116.0
Brazil,BRA,2020-09-18,30991.42857,,170664.0,69411.0,315601.0
Brazil,BRA,2020-09-19,30431.285710000004,,169944.0,67520.0,317707.0
Brazil,BRA,2020-09-20,30364.714289999996,,169264.0,65843.0,321412.0
Brazil,BRA,2020-09-21,30596.285710000004,,168626.0,64228.0,324113.0
Brazil,BRA,2020-09-22,30351.142860000004,,168032.0,62522.0,326466.0
Brazil,BRA,2020-09-23,29905.857139999996,,167483.0,60568.0,329691.0
Brazil,BRA,2020-09-24,29400.285710000004,,166982.0,59194.0,332951.0
Brazil,BRA,2020-09-25,28902.285710000004,,166530.0,57590.0,336352.0
Brazil,BRA,2020-09-26,27775.714289999996,,166130.0,55858.0,342061.0
Brazil,BRA,2020-09-27,27107.285710000004,,165784.0,55143.0,346924.0
Brazil,BRA,2020-09-28,26811.42857,,165493.0,54884.0,351492.0
Brazil,BRA,2020-09-29,26770.85714,,165265.0,55248.0,354916.0
Brazil,BRA,2020-09-30,26559.71429,,165096.0,54683.0,358599.0
Brazil,BRA,2020-10-01,26578.57143,,164990.0,53418.0,362384.0
Brazil,BRA,2020-10-02,27055.714289999996,,164948.0,52334.0,366514.0
Brazil,BRA,2020-10-03,27272.857139999996,,164973.0,51346.0,370966.0
Brazil,BRA,2020-10-04,26977.42857,,165068.0,49590.0,375076.0
Brazil,BRA,2020-10-05,26140.0,,,,
Brazil,BRA,2020-10-06,25967.28571,,,,
Brazil,BRA,2020-10-07,27374.142860000004,,,,
Brazil,BRA,2020-10-08,27108.42857,,,,
Brazil,BRA,2020-10-09,25907.42857,,,,
Brazil,BRA,2020-10-10,25052.14286,,,,
Brazil,BRA,2020-10-11,25114.85714,,,,
Brazil,BRA,2020-10-12,25670.42857,,,,
Brazil,BRA,2020-10-13,25167.57143,,,,
Brazil,BRA,2020-10-14,20641.0,,,,
Brazil,BRA,2020-10-15,20024.14286,,,,
Brazil,BRA,2020-10-16,20134.57143,,,,
Brazil,BRA,2020-10-17,20630.28571,,,,
Brazil,BRA,2020-10-18,20246.42857,,,,
Brazil,BRA,2020-10-19,20051.71429,,,,
Brazil,BRA,2020-10-20,21045.57143,,,,
Brazil,BRA,2020-10-21,22903.71429,,,,
Brazil,BRA,2020-10-22,22558.42857,,,,
Brazil,BRA,2020-10-23,22034.85714,,,,
Brazil,BRA,2020-10-24,21908.0,,,,
Brazil,BRA,2020-10-25,22324.71429,,,,
Brazil,BRA,2020-10-26,22683.42857,,,,
Brazil,BRA,2020-10-27,22732.42857,,,,
Brazil,BRA,2020-10-28,23669.57143,,,,
Brazil,BRA,2020-10-29,24214.0,,,,
Brazil,BRA,2020-10-30,24392.28571,,,,
Brazil,BRA,2020-10-31,23286.0,,,,
Brazil,BRA,2020-11-01,22138.57143,,,,
Brazil,BRA,2020-11-02,21653.85714,,,,
Brazil,BRA,2020-11-03,20621.71429,,,,
India,IND,2020-01-02,0.0,,,,
India,IND,2020-01-03,0.0,,,,
India,IND,2020-01-04,0.0,,,,
India,IND,2020-01-05,0.0,,,,
India,IND,2020-01-06,0.0,,,,
India,IND,2020-01-07,0.0,,,,
India,IND,2020-01-08,0.0,,,,
India,IND,2020-01-09,0.0,,,,
India,IND,2020-01-10,0.0,,,,
India,IND,2020-01-11,0.0,,,,
India,IND,2020-01-12,0.0,,,,
India,IND,2020-01-13,0.0,,,,
India,IND,2020-01-14,0.0,,,,
India,IND,2020-01-15,0.0,,,,
India,IND,2020-01-16,0.0,,,,
India,IND,2020-01-17,0.0,,,,
India,IND,2020-01-18,0.0,,,,
India,IND,2020-01-19,0.0,,,,
India,IND,2020-01-20,0.0,,,,
India,IND,2020-01-21,0.0,,,,
India,IND,2020-01-22,0.0,,,,
India,IND,2020-01-23,0.0,,,,
India,IND,2020-01-24,0.0,,,,
India,IND,2020-01-25,0.0,,,,
India,IND,2020-01-26,0.0,,,,
India,IND,2020-01-27,0.0,,,,
India,IND,2020-01-28,0.0,,,,
India,IND,2020-01-29,0.0,,,,
India,IND,2020-01-30,0.14286,,,,
India,IND,2020-01-31,0.14286,,,,
India,IND,2020-02-01,0.14286,,,,
India,IND,2020-02-02,0.28570999999999996,,,,
India,IND,2020-02-03,0.28570999999999996,,,,
India,IND,2020-02-04,0.42857,,,,
India,IND,2020-02-05,0.42857,,,,
India,IND,2020-02-06,0.28570999999999996,,,,
India,IND,2020-02-07,0.28570999999999996,,,,
India,IND,2020-02-08,0.28570999999999996,,,,
India,IND,2020-02-09,0.14286,,,,
India,IND,2020-02-10,0.14286,,,,
India,IND,2020-02-11,0.0,,,,
India,IND,2020-02-12,0.0,,,,
India,IND,2020-02-13,0.0,,,,
India,IND,2020-02-14,0.0,,,,
India,IND,2020-02-15,0.0,,,,
India,IND,2020-02-16,0.0,,206.0,104.0,281.0
India,IND,2020-02-17,0.0,,206.0,104.0,281.0
India,IND,2020-02-18,0.0,,206.0,104.0,281.0
India,IND,2020-02-19,0.0,,206.0,104.0,281.0
India,IND,2020-02-20,0.0,,206.0,104.0,281.0
India,IND,2020-02-21,0.0,,206.0,104.0,281.0
India,IND,2020-02-22,0.0,,206.0,104.0,281.0
India,IND,2020-02-23,0.0,,206.0,104.0,281.0
India,IND,2020-02-24,0.0,,206.0,104.0,281.0
India,IND,2020-02-25,0.0,,533.0,285.0,731.0
India,IND,2020-02-26,0.0,,530.0,284.0,728.0
India,IND,2020-02-27,0.0,,554.0,299.0,761.0
India,IND,2020-02-28,0.0,,604.0,330.0,829.0
India,IND,2020-02-29,0.0,,707.0,390.0,972.0
India,IND,2020-03-01,0.0,,867.0,487.0,1195.0
India,IND,2020-03-02,0.0,,991.0,559.0,1368.0
India,IND,2020-03-03,0.28570999999999996,,1096.0,619.0,1516.0
India,IND,2020-03-04,0.42857,,1219.0,689.0,1688.0
India,IND,2020-03-05,3.5714300000000003,,1365.0,742.0,1891.0
India,IND,2020-03-06,3.71429,,1548.0,843.0,2147.0
India,IND,2020-03-07,4.0,,1742.0,949.0,2418.0
India,IND,2020-03-08,4.42857,,1941.0,1058.0,2696.0
India,IND,2020-03-09,5.16667,,2155.0,1175.0,2993.0
India,IND,2020-03-10,6.5,,2395.0,1306.0,3342.0
India,IND,2020-03-11,7.33333,,2666.0,1451.0,3722.0
India,IND,2020-03-12,7.5,,2967.0,1606.0,4144.0
India,IND,2020-03-13,7.66667,,3292.0,1782.0,4602.0
India,IND,2020-03-14,8.66667,,3648.0,1974.0,5098.0
India,IND,2020-03-15,9.33333,,4039.0,2164.0,5649.0
India,IND,2020-03-16,8.42857,,4472.0,2381.0,6259.0
India,IND,2020-03-17,11.57143,,4951.0,2633.0,6965.0
India,IND,2020-03-18,12.42857,,5478.0,2898.0,7865.0
India,IND,2020-03-19,13.14286,,6056.0,3137.0,8870.0
India,IND,2020-03-20,16.57143,,6692.0,3426.0,10001.0
India,IND,2020-03-21,21.14286,,7394.0,3782.0,11294.0
India,IND,2020-03-22,32.85714,,8168.0,4166.0,12750.0
India,IND,2020-03-23,49.42857,,9021.0,4589.0,14387.0
India,IND,2020-03-24,52.42857,,9960.0,5021.0,16226.0
India,IND,2020-03-25,60.714290000000005,,10993.0,5398.0,18292.0
India,IND,2020-03-26,69.14286,,12130.0,5913.0,20610.0
India,IND,2020-03-27,76.14286,,13382.0,6440.0,23208.0
India,IND,2020-03-28,91.71429,,14759.0,6977.0,26174.0
India,IND,2020-03-29,94.14286,,16273.0,7490.0,29389.0
India,IND,2020-03-30,90.28571,,17934.0,8037.0,32970.0
India,IND,2020-03-31,108.42857,,19757.0,8621.0,36993.0
India,IND,2020-04-01,119.28571000000001,,21753.0,9245.0,41294.0
India,IND,2020-04-02,188.0,,23935.0,9910.0,46171.0
India,IND,2020-04-03,225.28571000000002,,26315.0,10619.0,51528.0
India,IND,2020-04-04,289.85714,,28905.0,11360.0,57341.0
India,IND,2020-04-05,342.14286,,31712.0,12188.0,63628.0
India,IND,2020-04-06,428.0,,34744.0,13024.0,70435.0
India,IND,2020-04-07,452.85714,,38004.0,13908.0,77627.0
India,IND,2020-04-08,542.42857,,41488.0,14841.0,85231.0
India,IND,2020-04-09,538.42857,,45189.0,15824.0,92660.0
India,IND,2020-04-10,587.28571,,49093.0,16856.0,99920.0
India,IND,2020-04-11,649.28571,,53177.0,17939.0,108163.0
India,IND,2020-04-12,711.71429,,57415.0,19268.0,115161.0
India,IND,2020-04-13,726.42857,,61772.0,20470.0,123558.0
India,IND,2020-04-14,848.8571400000001,,66209.0,21777.0,133997.0
India,IND,2020-04-15,892.0,,70684.0,23051.0,143287.0
India,IND,2020-04-16,949.4285699999999,,75156.0,24443.0,154343.0
India,IND,2020-04-17,996.4285699999999,,79582.0,25840.0,162920.0
India,IND,2020-04-18,990.1428599999999,,83924.0,27330.0,171386.0
India,IND,2020-04-19,1050.85714,,88148.0,28851.0,180052.0
India,IND,2020-04-20,1159.0,,92223.0,30427.0,186780.0
India,IND,2020-04-21,1176.7142900000001,,96127.0,32024.0,191877.0
India,IND,2020-04-22,1220.85714,,99844.0,33630.0,196837.0
India,IND,2020-04-23,1287.57143,,103366.0,35150.0,201763.0
India,IND,2020-04-24,1384.2857099999999,,106694.0,36663.0,211456.0
India,IND,2020-04-25,1446.85714,,109832.0,38054.0,219296.0
India,IND,2020-04-26,1540.57143,,112792.0,39432.0,226350.0
India,IND,2020-04-27,1518.14286,,115590.0,40788.0,231115.0
India,IND,2020-04-28,1547.85714,,118244.0,42255.0,234879.0
India,IND,2020-04-29,1621.14286,,120771.0,43750.0,238140.0
India,IND,2020-04-30,1665.2857099999999,,123192.0,45688.0,240635.0
India,IND,2020-05-01,1709.42857,,125524.0,47350.0,242495.0
India,IND,2020-05-02,1832.8571399999998,,127785.0,49171.0,243788.0
India,IND,2020-05-03,1926.28571,,129990.0,50929.0,245336.0
India,IND,2020-05-04,2091.57143,,132093.0,52898.0,248119.0
India,IND,2020-05-05,2428.28571,,134220.0,54919.0,252327.0
India,IND,2020-05-06,2579.85714,,136339.0,57007.0,254807.0
India,IND,2020-05-07,2843.14286,,138285.0,58994.0,258254.0
India,IND,2020-05-08,3042.71429,,140003.0,61068.0,260341.0
India,IND,2020-05-09,3189.42857,,142014.0,63204.0,260865.0
India,IND,2020-05-10,3279.85714,,144184.0,65406.0,261507.0
India,IND,2020-05-11,3517.0,,146345.0,67675.0,263064.0
India,IND,2020-05-12,3474.71429,,148482.0,69893.0,266675.0
India,IND,2020-05-13,3555.71429,,150657.0,72331.0,268424.0
India,IND,2020-05-14,3578.71429,,152870.0,74846.0,273564.0
India,IND,2020-05-15,3661.14286,,155229.0,78702.0,275292.0
India,IND,2020-05-16,3754.0,,157647.0,80741.0,278672.0
India,IND,2020-05-17,3998.28571,,160118.0,82574.0,284129.0
India,IND,2020-05-18,4145.28571,,162640.0,83871.0,289998.0
India,IND,2020-05-19,4340.42857,,165231.0,85234.0,294579.0
India,IND,2020-05-20,4638.42857,,167910.0,86670.0,296142.0
India,IND,2020-05-21,4908.0,,170678.0,88184.0,300165.0
India,IND,2020-05-22,5211.0,,173527.0,89776.0,303317.0
India,IND,2020-05-23,5594.42857,,176457.0,91490.0,305837.0
India,IND,2020-05-24,5848.71429,,179471.0,93524.0,309462.0
India,IND,2020-05-25,6096.57143,,182576.0,94652.0,314978.0
India,IND,2020-05-26,6320.14286,,185775.0,95920.0,319239.0
India,IND,2020-05-27,6431.0,,189068.0,97412.0,323175.0
India,IND,2020-05-28,6567.71429,,192456.0,99936.0,325483.0
India,IND,2020-05-29,6764.57143,,195938.0,102223.0,327316.0
India,IND,2020-05-30,6951.714290000001,,199516.0,103588.0,332701.0
India,IND,2020-05-31,7182.142859999999,,203191.0,104981.0,337559.0
India,IND,2020-06-01,7384.285709999999,,206965.0,106484.0,342384.0
India,IND,2020-06-02,7618.0,,210837.0,108760.0,348454.0
India,IND,2020-06-03,7978.285709999999,,214806.0,111773.0,352082.0
India,IND,2020-06-04,8369.42857,,218873.0,114288.0,356691.0
India,IND,2020-06-05,8710.14286,,223038.0,116769.0,361162.0
India,IND,2020-06-06,8984.85714,,227300.0,119363.0,365951.0
India,IND,2020-06-07,9212.14286,,231660.0,122850.0,371062.0
India,IND,2020-06-08,9439.42857,,236117.0,126421.0,377529.0
India,IND,2020-06-09,9698.85714,,240671.0,130058.0,384287.0
India,IND,2020-06-10,9852.57143,,245323.0,133752.0,389195.0
India,IND,2020-06-11,9951.42857,,250072.0,137540.0,396942.0
India,IND,2020-06-12,10109.28571,,254919.0,141426.0,401919.0
India,IND,2020-06-13,10333.71429,,259865.0,145413.0,408756.0
India,IND,2020-06-14,10613.42857,,264911.0,149474.0,414625.0
India,IND,2020-06-15,10830.42857,,270056.0,153284.0,419655.0
India,IND,2020-06-16,10927.57143,,275303.0,157220.0,422741.0
India,IND,2020-06-17,11068.85714,,280653.0,161286.0,431818.0
India,IND,2020-06-18,11481.0,,286106.0,165482.0,437291.0
India,IND,2020-06-19,11856.71429,,291663.0,169810.0,441658.0
India,IND,2020-06-20,12293.57143,,297327.0,174272.0,444400.0
India,IND,2020-06-21,12791.28571,,303099.0,178870.0,448620.0
India,IND,2020-06-22,13265.42857,,308974.0,183605.0,454619.0
India,IND,2020-06-23,13874.85714,,314961.0,188480.0,465772.0
India,IND,2020-06-24,14588.28571,,321059.0,193498.0,471528.0
India,IND,2020-06-25,15165.571430000002,,327270.0,198660.0,478195.0
India,IND,2020-06-26,15695.571430000002,,333593.0,203968.0,487024.0
India,IND,2020-06-27,16272.14286,,340023.0,209426.0,494376.0
India,IND,2020-06-28,16914.0,,346572.0,215037.0,501728.0
India,IND,2020-06-29,17576.57143,,353236.0,220626.0,512724.0
India,IND,2020-06-30,18089.28571,,360015.0,226498.0,524921.0
India,IND,2020-07-01,18472.85714,,366909.0,232531.0,536275.0
India,IND,2020-07-02,18790.85714,,373903.0,238729.0,546101.0
India,IND,2020-07-03,19306.14286,,381018.0,245095.0,554691.0
India,IND,2020-07-04,19908.85714,,388243.0,251630.0,562609.0
India,IND,2020-07-05,20615.14286,,395575.0,258338.0,566917.0
India,IND,2020-07-06,21299.28571,,403008.0,265223.0,574007.0
India,IND,2020-07-07,21832.14286,,410536.0,272287.0,585639.0
India,IND,2020-07-08,22417.71429,,418155.0,279535.0,591115.0
India,IND,2020-07-09,23236.42857,,425856.0,286969.0,597903.0
India,IND,2020-07-10,24036.85714,,433629.0,294732.0,605113.0
India,IND,2020-07-11,24657.28571,,441460.0,302968.0,617633.0
India,IND,2020-07-12,25198.28571,,449337.0,311053.0,629922.0
India,IND,2020-07-13,25834.42857,,457226.0,318408.0,637199.0
India,IND,2020-07-14,26726.71429,,465141.0,326235.0,649053.0
India,IND,2020-07-15,27680.57143,,473051.0,333915.0,660110.0
India,IND,2020-07-16,28797.142860000004,,480939.0,340459.0,670535.0
India,IND,2020-07-17,30004.285710000004,,488783.0,346406.0,678290.0
India,IND,2020-07-18,31114.285710000004,,496554.0,352272.0,690896.0
India,IND,2020-07-19,32580.714289999996,,504263.0,358285.0,698929.0
India,IND,2020-07-20,34255.57143,,511884.0,365882.0,708672.0
India,IND,2020-07-21,35491.285710000004,,519400.0,373492.0,715923.0
India,IND,2020-07-22,36676.285710000004,,526801.0,381003.0,725960.0
India,IND,2020-07-23,38537.0,,534041.0,388580.0,731428.0
India,IND,2020-07-24,40587.57143,,541180.0,394852.0,737044.0
India,IND,2020-07-25,42592.14286,,548183.0,401103.0,740475.0
India,IND,2020-07-26,43986.285710000004,,555047.0,407519.0,750466.0
India,IND,2020-07-27,45344.285710000004,,561775.0,413865.0,748899.0
India,IND,2020-07-28,46852.14286,,568370.0,417161.0,756582.0
India,IND,2020-07-29,48393.42857,,574849.0,423866.0,765075.0
India,IND,2020-07-30,49308.14286,,581222.0,429349.0,771771.0
India,IND,2020-07-31,50132.14286,,587499.0,435951.0,775848.0
India,IND,2020-08-01,51303.85714,,593692.0,442517.0,777614.0
India,IND,2020-08-02,52171.57143,,599810.0,449507.0,781779.0
India,IND,2020-08-03,52606.0,,605864.0,454699.0,784177.0
India,IND,2020-08-04,53227.0,,611864.0,461547.0,786600.0
India,IND,2020-08-05,53797.85714,,617813.0,464049.0,795122.0
India,IND,2020-08-06,54392.0,,623717.0,470835.0,804837.0
India,IND,2020-08-07,55457.714289999996,,629576.0,474469.0,812014.0
India,IND,2020-08-08,56089.0,,635390.0,476382.0,818081.0
India,IND,2020-08-09,57469.571429999996,,641157.0,478602.0,827882.0
India,IND,2020-08-10,58768.428570000004,,646874.0,481784.0,837860.0
India,IND,2020-08-11,58990.0,,652534.0,483277.0,850861.0
India,IND,2020-08-12,60197.714289999996,,658131.0,482587.0,854836.0
India,IND,2020-08-13,61728.714289999996,,663655.0,479907.0,862251.0
India,IND,2020-08-14,62016.571429999996,,669096.0,475373.0,872096.0
India,IND,2020-08-15,62511.571429999996,,674442.0,476199.0,883708.0
India,IND,2020-08-16,62381.714289999996,,679681.0,473891.0,895983.0
India,IND,2020-08-17,61798.428570000004,,684799.0,471152.0,908952.0
India,IND,2020-08-18,62009.571429999996,,689781.0,467527.0,921887.0
India,IND,2020-08-19,62519.285710000004,,694610.0,461559.0,932385.0
India,IND,2020-08-20,62898.285710000004,,699271.0,460470.0,943365.0
India,IND,2020-08-21,63519.0,,703747.0,460368.0,951876.0
India,IND,2020-08-22,64215.571429999996,,708019.0,461380.0,963655.0
India,IND,2020-08-23,65036.85714,,712072.0,461881.0,979798.0
India,IND,2020-08-24,65526.428570000004,,715815.0,460340.0,995077.0
India,IND,2020-08-25,66368.71429,,719305.0,461083.0,1002587.0
India,IND,2020-08-26,66743.0,,722524.0,460841.0,1006720.0
India,IND,2020-08-27,67615.57143,,725453.0,462402.0,1010503.0
India,IND,2020-08-28,68811.0,,728073.0,458190.0,1014902.0
India,IND,2020-08-29,69753.0,,730367.0,454083.0,1019505.0
India,IND,2020-08-30,71113.28571,,732333.0,449833.0,1026680.0
India,IND,2020-08-31,73556.71429,,733969.0,444526.0,1029166.0
India,IND,2020-09-01,74834.71429,,735272.0,439487.0,1041475.0
India,IND,2020-09-02,76435.57143,,736241.0,436170.0,1047694.0
India,IND,2020-09-03,77596.0,,736875.0,433933.0,1046384.0
India,IND,2020-09-04,78463.85714,,737181.0,432438.0,1053602.0
India,IND,2020-09-05,79886.71429,,737165.0,427137.0,1058564.0
India,IND,2020-09-06,81582.57143,,736839.0,426488.0,1063357.0
India,IND,2020-09-07,83338.28571,,736215.0,420462.0,1064831.0
India,IND,2020-09-08,84179.42857,,735306.0,412476.0,1063636.0
India,IND,2020-09-09,85800.71429,,734127.0,409886.0,1066979.0
India,IND,2020-09-10,87493.85714,,732696.0,409268.0,1069680.0
India,IND,2020-09-11,89381.0,,731031.0,406014.0,1074820.0
India,IND,2020-09-12,90972.14286,,729150.0,400022.0,1080565.0
India,IND,2020-09-13,91506.42857,,727074.0,394265.0,1082172.0
India,IND,2020-09-14,91687.71429,,724821.0,386908.0,1079868.0
India,IND,2020-09-15,92830.57143,,722409.0,383483.0,1082471.0
India,IND,2020-09-16,92890.14286,,719859.0,374447.0,1087291.0
India,IND,2020-09-17,93198.57143,,717187.0,369112.0,1087489.0
India,IND,2020-09-18,93180.42857,,714412.0,366182.0,1085759.0
India,IND,2020-09-19,92575.71429,,711548.0,363716.0,1095648.0
India,IND,2020-09-20,92323.28571,,708612.0,360877.0,1108178.0
India,IND,2020-09-21,91593.28571,,705618.0,355265.0,1115337.0
India,IND,2020-09-22,90346.71429,,702579.0,350791.0,1138809.0
India,IND,2020-09-23,89378.71429,,699506.0,342679.0,1143078.0
India,IND,2020-09-24,87752.14286,,696412.0,329849.0,1140973.0
India,IND,2020-09-25,86270.42857,,693306.0,317814.0,1156123.0
India,IND,2020-09-26,85131.14286,,690197.0,304419.0,1179853.0
India,IND,2020-09-27,84559.0,,687095.0,299591.0,1178755.0
India,IND,2020-09-28,83874.57143,,684005.0,297675.0,1196103.0
India,IND,2020-09-29,83232.57143,,680935.0,295913.0,1221065.0
India,IND,2020-09-30,82821.85714,,677891.0,291209.0,1236196.0
India,IND,2020-10-01,82866.57143,,674879.0,287460.0,1257689.0
India,IND,2020-10-02,82214.0,,671903.0,282046.0,1273690.0
India,IND,2020-10-03,81373.14286,,668968.0,278175.0,1308025.0
India,IND,2020-10-04,79548.71429,,666078.0,267598.0,1311236.0
India,IND,2020-10-05,78444.71429,,,,
India,IND,2020-10-06,77113.0,,,,
India,IND,2020-10-07,75909.71429,,,,
India,IND,2020-10-08,74724.42857,,,,
India,IND,2020-10-09,73154.71429,,,,
India,IND,2020-10-10,72268.42857,,,,
India,IND,2020-10-11,72061.85714,,,,
India,IND,2020-10-12,70960.42857,,,,
India,IND,2020-10-13,70114.0,,,,
India,IND,2020-10-14,68894.0,,,,
India,IND,2020-10-15,67348.85714,,,,
India,IND,2020-10-16,66331.0,,,,
India,IND,2020-10-17,64751.0,,,,
India,IND,2020-10-18,62963.571429999996,,,,
India,IND,2020-10-19,61390.714289999996,,,,
India,IND,2020-10-20,60169.0,,,,
India,IND,2020-10-21,58816.85714,,,,
India,IND,2020-10-22,57121.285710000004,,,,
India,IND,2020-10-23,55834.85714,,,,
India,IND,2020-10-24,54571.714289999996,,,,
India,IND,2020-10-25,52894.285710000004,,,,
India,IND,2020-10-26,51383.714289999996,,,,
India,IND,2020-10-27,49909.42857,,,,
India,IND,2020-10-28,48459.285710000004,,,,
India,IND,2020-10-29,47608.14286,,,,
India,IND,2020-10-30,46791.285710000004,,,,
India,IND,2020-10-31,46062.42857,,,,
India,IND,2020-11-01,45610.14286,,,,
India,IND,2020-11-02,45622.0,,,,
India,IND,2020-11-03,45884.85714,,,,
Russia,RUS,2020-01-02,0.0,,,,
Russia,RUS,2020-01-03,0.0,,,,
Russia,RUS,2020-01-04,0.0,,,,
Russia,RUS,2020-01-05,0.0,,,,
Russia,RUS,2020-01-06,0.0,,,,
Russia,RUS,2020-01-07,0.0,,,,
Russia,RUS,2020-01-08,0.0,,,,
Russia,RUS,2020-01-09,0.0,,,,
Russia,RUS,2020-01-10,0.0,,,,
Russia,RUS,2020-01-11,0.0,,,,
Russia,RUS,2020-01-12,0.0,,,,
Russia,RUS,2020-01-13,0.0,,,,
Russia,RUS,2020-01-14,0.0,,,,
Russia,RUS,2020-01-15,0.0,,,,
Russia,RUS,2020-01-16,0.0,,,,
Russia,RUS,2020-01-17,0.0,,,,
Russia,RUS,2020-01-18,0.0,,,,
Russia,RUS,2020-01-19,0.0,,,,
Russia,RUS,2020-01-20,0.0,,,,
Russia,RUS,2020-01-21,0.0,,,,
Russia,RUS,2020-01-22,0.0,,,,
Russia,RUS,2020-01-23,0.0,,,,
Russia,RUS,2020-01-24,0.0,,,,
Russia,RUS,2020-01-25,0.0,,,,
Russia,RUS,2020-01-26,0.0,,,,
Russia,RUS,2020-01-27,0.0,,,,
Russia,RUS,2020-01-28,0.0,,,,
Russia,RUS,2020-01-29,0.0,,,,
Russia,RUS,2020-01-30,0.0,,,,
Russia,RUS,2020-01-31,0.0,,,,
Russia,RUS,2020-02-01,0.28570999999999996,,,,
Russia,RUS,2020-02-02,0.28570999999999996,,,,
Russia,RUS,2020-02-03,0.28570999999999996,,,,
Russia,RUS,2020-02-04,0.28570999999999996,,,,
Russia,RUS,2020-02-05,0.28570999999999996,,,,
Russia,RUS,2020-02-06,0.28570999999999996,,,,
Russia,RUS,2020-02-07,0.28570999999999996,,,,
Russia,RUS,2020-02-08,0.0,,,,
Russia,RUS,2020-02-09,0.0,,,,
Russia,RUS,2020-02-10,0.0,,,,
Russia,RUS,2020-02-11,0.0,,,,
Russia,RUS,2020-02-12,0.0,,,,
Russia,RUS,2020-02-13,0.0,,,,
Russia,RUS,2020-02-14,0.0,,,,
Russia,RUS,2020-02-15,0.0,,,,
Russia,RUS,2020-02-16,0.0,,,,
Russia,RUS,2020-02-17,0.0,,,,
Russia,RUS,2020-02-18,0.0,,,,
Russia,RUS,2020-02-19,0.0,,,,
Russia,RUS,2020-02-20,0.0,,,,
Russia,RUS,2020-02-21,0.0,,,,
Russia,RUS,2020-02-22,0.0,,,,
Russia,RUS,2020-02-23,0.0,,,,
Russia,RUS,2020-02-24,0.0,,171.0,87.0,245.0
Russia,RUS,2020-02-25,0.0,,171.0,87.0,245.0
Russia,RUS,2020-02-26,0.0,,171.0,87.0,245.0
Russia,RUS,2020-02-27,0.0,,171.0,87.0,245.0
Russia,RUS,2020-02-28,0.0,,171.0,87.0,245.0
Russia,RUS,2020-02-29,0.0,,171.0,87.0,245.0
Russia,RUS,2020-03-01,0.0,,171.0,87.0,245.0
Russia,RUS,2020-03-02,0.0,,171.0,87.0,245.0
Russia,RUS,2020-03-03,0.14286,,171.0,87.0,245.0
Russia,RUS,2020-03-04,0.28570999999999996,,448.0,242.0,628.0
Russia,RUS,2020-03-05,0.28570999999999996,,446.0,241.0,625.0
Russia,RUS,2020-03-06,0.28570999999999996,,467.0,251.0,653.0
Russia,RUS,2020-03-07,1.14286,,510.0,276.0,712.0
Russia,RUS,2020-03-08,1.14286,,601.0,324.0,839.0
Russia,RUS,2020-03-09,1.14286,,742.0,393.0,1046.0
Russia,RUS,2020-03-10,1.0,,851.0,446.0,1197.0
Russia,RUS,2020-03-11,0.85714,,946.0,494.0,1325.0
Russia,RUS,2020-03-12,3.0,,1057.0,548.0,1474.0
Russia,RUS,2020-03-13,3.71429,,1189.0,611.0,1652.0
Russia,RUS,2020-03-14,5.0,,1357.0,687.0,2038.0
Russia,RUS,2020-03-15,7.0,,1535.0,764.0,2341.0
Russia,RUS,2020-03-16,7.57143,,1720.0,850.0,2542.0
Russia,RUS,2020-03-17,11.85714,,1921.0,943.0,2920.0
Russia,RUS,2020-03-18,14.85714,,2147.0,1041.0,3360.0
Russia,RUS,2020-03-19,17.42857,,2406.0,1155.0,3876.0
Russia,RUS,2020-03-20,24.14286,,2693.0,1276.0,4458.0
Russia,RUS,2020-03-21,29.714290000000002,,3008.0,1397.0,5048.0
Russia,RUS,2020-03-22,35.285709999999995,,3354.0,1509.0,5712.0
Russia,RUS,2020-03-23,43.42857,,3738.0,1657.0,6460.0
Russia,RUS,2020-03-24,49.285709999999995,,4167.0,1807.0,7307.0
Russia,RUS,2020-03-25,54.42856999999999,,4645.0,1928.0,8266.0
Russia,RUS,2020-03-26,73.0,,5173.0,2047.0,9335.0
Russia,RUS,2020-03-27,91.57143,,5758.0,2166.0,10531.0
Russia,RUS,2020-03-28,111.85713999999999,,6405.0,2276.0,11870.0
Russia,RUS,2020-03-29,136.85714,,7123.0,2416.0,13370.0
Russia,RUS,2020-03-30,166.71428999999998,,7918.0,2582.0,15094.0
Russia,RUS,2020-03-31,199.71428999999998,,8797.0,2759.0,16897.0
Russia,RUS,2020-04-01,263.14286,,9766.0,2919.0,18948.0
Russia,RUS,2020-04-02,302.71429,,10832.0,3056.0,21211.0
Russia,RUS,2020-04-03,386.85714,,12002.0,3201.0,23699.0
Russia,RUS,2020-04-04,444.71429000000006,,13282.0,3348.0,26529.0
Russia,RUS,2020-04-05,495.28570999999994,,14675.0,3543.0,29745.0
Russia,RUS,2020-04-06,550.71429,,16182.0,3718.0,33203.0
Russia,RUS,2020-04-07,643.8571400000001,,17800.0,3893.0,36870.0
Russia,RUS,2020-04-08,737.1428599999999,,19523.0,4094.0,40708.0
Russia,RUS,2020-04-09,842.1428599999999,,21337.0,4348.0,44667.0
Russia,RUS,2020-04-10,940.4285699999999,,23223.0,4608.0,48123.0
Russia,RUS,2020-04-11,1109.7142900000001,,25157.0,4900.0,51991.0
Russia,RUS,2020-04-12,1264.7142900000001,,27107.0,5202.0,55798.0
Russia,RUS,2020-04-13,1483.0,,29039.0,5511.0,58761.0
Russia,RUS,2020-04-14,1712.1428600000002,,30917.0,5826.0,63076.0
Russia,RUS,2020-04-15,1943.57143,,32705.0,6086.0,66044.0
Russia,RUS,2020-04-16,2259.71429,,34369.0,6255.0,67227.0
Russia,RUS,2020-04-17,2543.85714,,35881.0,6522.0,68226.0
Russia,RUS,2020-04-18,2870.14286,,37217.0,6726.0,69643.0
Russia,RUS,2020-04-19,3315.57143,,38357.0,6885.0,71041.0
Russia,RUS,2020-04-20,3869.0,,39290.0,7027.0,72149.0
Russia,RUS,2020-04-21,4113.28571,,40011.0,7153.0,73477.0
Russia,RUS,2020-04-22,4523.0,,40524.0,7278.0,74881.0
Russia,RUS,2020-04-23,4787.0,,40838.0,7336.0,74474.0
Russia,RUS,2020-04-24,4976.42857,,40969.0,7366.0,73885.0
Russia,RUS,2020-04-25,5230.57143,,40936.0,7381.0,73037.0
Russia,RUS,2020-04-26,5399.28571,,40759.0,7398.0,71988.0
Russia,RUS,2020-04-27,5442.28571,,40462.0,7417.0,71778.0
Russia,RUS,2020-04-28,5718.0,,40066.0,7463.0,71202.0
Russia,RUS,2020-04-29,5827.85714,,39589.0,7587.0,69927.0
Russia,RUS,2020-04-30,5914.28571,,39049.0,7512.0,68446.0
Russia,RUS,2020-05-01,6246.42857,,38462.0,7479.0,67058.0
Russia,RUS,2020-05-02,6544.14286,,37840.0,7431.0,65203.0
Russia,RUS,2020-05-03,7066.57143,,37194.0,7440.0,63954.0
Russia,RUS,2020-05-04,7676.857140000001,,36523.0,7448.0,62569.0
Russia,RUS,2020-05-05,8303.0,,35853.0,7454.0,60595.0
Russia,RUS,2020-05-06,8830.28571,,35186.0,7446.0,59049.0
Russia,RUS,2020-05-07,9504.28571,,34534.0,7424.0,57214.0
Russia,RUS,2020-05-08,10094.57143,,33856.0,7459.0,55485.0
Russia,RUS,2020-05-09,10489.71429,,33225.0,7422.0,53780.0
Russia,RUS,2020-05-10,10660.28571,,32638.0,7423.0,52318.0
Russia,RUS,2020-05-11,10714.42857,,32047.0,7386.0,50634.0
Russia,RUS,2020-05-12,10868.0,,31484.0,7322.0,49482.0
Russia,RUS,2020-05-13,10981.85714,,30941.0,7368.0,48451.0
Russia,RUS,2020-05-14,10906.0,,30433.0,7386.0,47936.0
Russia,RUS,2020-05-15,10726.42857,,29937.0,7350.0,47635.0
Russia,RUS,2020-05-16,10712.0,,29462.0,7277.0,46728.0
Russia,RUS,2020-05-17,10481.0,,29012.0,7214.0,45832.0
Russia,RUS,2020-05-18,10294.85714,,28585.0,7176.0,45199.0
Russia,RUS,2020-05-19,9904.85714,,28183.0,7214.0,44754.0
Russia,RUS,2020-05-20,9671.14286,,27805.0,7252.0,43541.0
Russia,RUS,2020-05-21,9490.57143,,27451.0,7221.0,43218.0
Russia,RUS,2020-05-22,9329.85714,,27122.0,7161.0,42899.0
Russia,RUS,2020-05-23,9086.42857,,26819.0,7193.0,42382.0
Russia,RUS,2020-05-24,9119.85714,,26542.0,7194.0,41843.0
Russia,RUS,2020-05-25,8961.28571,,26290.0,7273.0,41158.0
Russia,RUS,2020-05-26,8964.14286,,26065.0,7320.0,41254.0
Russia,RUS,2020-05-27,8914.42857,,25866.0,7429.0,41023.0
Russia,RUS,2020-05-28,8853.57143,,25693.0,7546.0,40677.0
Russia,RUS,2020-05-29,8785.28571,,25546.0,7646.0,40743.0
Russia,RUS,2020-05-30,8739.28571,,25424.0,7706.0,40731.0
Russia,RUS,2020-05-31,8670.42857,,25328.0,7840.0,40692.0
Russia,RUS,2020-06-01,8766.0,,25255.0,7998.0,40794.0
Russia,RUS,2020-06-02,8778.71429,,25204.0,8164.0,40785.0
Russia,RUS,2020-06-03,8771.28571,,25175.0,8259.0,40844.0
Russia,RUS,2020-06-04,8799.57143,,25166.0,8401.0,40895.0
Russia,RUS,2020-06-05,8865.28571,,25176.0,8568.0,41114.0
Russia,RUS,2020-06-06,8887.28571,,25204.0,8765.0,41258.0
Russia,RUS,2020-06-07,8873.42857,,25247.0,8957.0,41327.0
Russia,RUS,2020-06-08,8832.85714,,25305.0,9155.0,41517.0
Russia,RUS,2020-06-09,8825.71429,,25377.0,9348.0,41683.0
Russia,RUS,2020-06-10,8787.42857,,25460.0,9521.0,41904.0
Russia,RUS,2020-06-11,8768.57143,,25554.0,9720.0,42100.0
Russia,RUS,2020-06-12,8761.14286,,25659.0,9957.0,42284.0
Russia,RUS,2020-06-13,8798.42857,,25772.0,10165.0,42470.0
Russia,RUS,2020-06-14,8777.14286,,25893.0,10396.0,42605.0
Russia,RUS,2020-06-15,8755.85714,,26022.0,10657.0,42667.0
Russia,RUS,2020-06-16,8650.28571,,26158.0,10892.0,42944.0
Russia,RUS,2020-06-17,8600.71429,,26300.0,11164.0,43163.0
Russia,RUS,2020-06-18,8520.57143,,26447.0,11434.0,43348.0
Russia,RUS,2020-06-19,8379.28571,,26600.0,11728.0,43533.0
Russia,RUS,2020-06-20,8234.28571,,26757.0,12037.0,43717.0
Russia,RUS,2020-06-21,8117.57143,,26918.0,12374.0,44014.0
Russia,RUS,2020-06-22,7959.42857,,27084.0,12675.0,44252.0
Russia,RUS,2020-06-23,7867.142859999999,,27253.0,12997.0,44390.0
Russia,RUS,2020-06-24,7749.57143,,27426.0,13345.0,44710.0
Russia,RUS,2020-06-25,7654.285709999999,,27603.0,13811.0,44990.0
Russia,RUS,2020-06-26,7557.57143,,27782.0,14234.0,45269.0
Russia,RUS,2020-06-27,7390.142859999999,,27964.0,14643.0,45546.0
Russia,RUS,2020-06-28,7242.0,,28149.0,15040.0,45823.0
Russia,RUS,2020-06-29,7108.142859999999,,28336.0,15440.0,46195.0
Russia,RUS,2020-06-30,6982.285709999999,,28527.0,15937.0,46471.0
Russia,RUS,2020-07-01,6877.714290000001,,28719.0,16357.0,46685.0
Russia,RUS,2020-07-02,6789.142859999999,,28913.0,16792.0,46958.0
Russia,RUS,2020-07-03,6738.714290000001,,29109.0,17240.0,47185.0
Russia,RUS,2020-07-04,6727.0,,29308.0,17699.0,47412.0
Russia,RUS,2020-07-05,6695.57143,,29510.0,18180.0,47637.0
Russia,RUS,2020-07-06,6687.71429,,29712.0,18679.0,47884.0
Russia,RUS,2020-07-07,6672.28571,,29916.0,19177.0,48100.0
Russia,RUS,2020-07-08,6625.85714,,30121.0,19689.0,48314.0
Russia,RUS,2020-07-09,6626.71429,,30329.0,20280.0,48553.0
Russia,RUS,2020-07-10,6590.85714,,30538.0,20830.0,48774.0
Russia,RUS,2020-07-11,6579.0,,30748.0,21382.0,48981.0
Russia,RUS,2020-07-12,6576.0,,30960.0,21948.0,49191.0
Russia,RUS,2020-07-13,6558.71429,,31173.0,22503.0,49439.0
Russia,RUS,2020-07-14,6548.14286,,31388.0,23104.0,49664.0
Russia,RUS,2020-07-15,6531.0,,31603.0,23684.0,49864.0
Russia,RUS,2020-07-16,6511.0,,31820.0,24052.0,50137.0
Russia,RUS,2020-07-17,6499.42857,,32038.0,24075.0,50541.0
Russia,RUS,2020-07-18,6466.71429,,32256.0,24227.0,51017.0
Russia,RUS,2020-07-19,6412.85714,,32475.0,24426.0,51269.0
Russia,RUS,2020-07-20,6340.57143,,32695.0,24518.0,51475.0
Russia,RUS,2020-07-21,6255.28571,,32915.0,24639.0,51708.0
Russia,RUS,2020-07-22,6197.28571,,33135.0,24691.0,52092.0
Russia,RUS,2020-07-23,6117.28571,,33355.0,24908.0,52167.0
Russia,RUS,2020-07-24,6034.42857,,33576.0,25061.0,52565.0
Russia,RUS,2020-07-25,5949.42857,,33797.0,25200.0,52849.0
Russia,RUS,2020-07-26,5897.57143,,34016.0,25339.0,53122.0
Russia,RUS,2020-07-27,5848.42857,,34236.0,25455.0,53829.0
Russia,RUS,2020-07-28,5804.85714,,34454.0,25595.0,54011.0
Russia,RUS,2020-07-29,5741.0,,34673.0,25813.0,54565.0
Russia,RUS,2020-07-30,5685.71429,,34892.0,25843.0,55036.0
Russia,RUS,2020-07-31,5637.28571,,35109.0,26080.0,55461.0
Russia,RUS,2020-08-01,5590.28571,,35325.0,26090.0,55696.0
Russia,RUS,2020-08-02,5531.85714,,35541.0,26489.0,55998.0
Russia,RUS,2020-08-03,5483.57143,,35756.0,26423.0,56191.0
Russia,RUS,2020-08-04,5449.14286,,35973.0,26822.0,56592.0
Russia,RUS,2020-08-05,5415.42857,,36187.0,27116.0,57078.0
Russia,RUS,2020-08-06,5479.0,,36401.0,26892.0,57567.0
Russia,RUS,2020-08-07,5342.14286,,36615.0,27137.0,58138.0
Russia,RUS,2020-08-08,5307.71429,,36829.0,27501.0,59224.0
Russia,RUS,2020-08-09,5272.0,,37043.0,27615.0,59725.0
Russia,RUS,2020-08-10,5238.0,,37256.0,27564.0,60600.0
Russia,RUS,2020-08-11,5198.57143,,37470.0,27859.0,61658.0
Russia,RUS,2020-08-12,5168.0,,37684.0,27560.0,62863.0
Russia,RUS,2020-08-13,5051.14286,,37898.0,28097.0,63299.0
Russia,RUS,2020-08-14,5123.42857,,38113.0,28205.0,63743.0
Russia,RUS,2020-08-15,5098.28571,,38328.0,29420.0,64811.0
Russia,RUS,2020-08-16,5076.71429,,38543.0,29363.0,66339.0
Russia,RUS,2020-08-17,5045.28571,,38758.0,29259.0,67670.0
Russia,RUS,2020-08-18,5013.0,,38974.0,29153.0,68713.0
Russia,RUS,2020-08-19,4984.85714,,39190.0,29144.0,70020.0
Russia,RUS,2020-08-20,4945.71429,,39407.0,29179.0,71265.0
Russia,RUS,2020-08-21,4906.85714,,39624.0,29212.0,72600.0
Russia,RUS,2020-08-22,4879.0,,39842.0,28928.0,73968.0
Russia,RUS,2020-08-23,4859.0,,40060.0,29035.0,75519.0
Russia,RUS,2020-08-24,4842.28571,,40299.0,29208.0,76816.0
Russia,RUS,2020-08-25,4821.14286,,40538.0,29381.0,78449.0
Russia,RUS,2020-08-26,4813.71429,,40779.0,29557.0,79924.0
Russia,RUS,2020-08-27,4792.0,,41023.0,29740.0,80891.0
Russia,RUS,2020-08-28,4781.42857,,41272.0,29936.0,82953.0
Russia,RUS,2020-08-29,4775.57143,,41528.0,30047.0,84585.0
Russia,RUS,2020-08-30,4778.42857,,41791.0,30118.0,86121.0
Russia,RUS,2020-08-31,4796.71429,,42059.0,30198.0,87963.0
Russia,RUS,2020-09-01,4832.28571,,42333.0,30320.0,90377.0
Russia,RUS,2020-09-02,4837.0,,42612.0,30446.0,92645.0
Russia,RUS,2020-09-03,4876.42857,,42899.0,30577.0,93796.0
Russia,RUS,2020-09-04,4917.0,,43193.0,30712.0,95797.0
Russia,RUS,2020-09-05,4957.14286,,43495.0,30851.0,97948.0
Russia,RUS,2020-09-06,4994.85714,,43804.0,30996.0,99914.0
Russia,RUS,2020-09-07,5025.57143,,44121.0,31145.0,101537.0
Russia,RUS,2020-09-08,5053.0,,44446.0,31300.0,103519.0
Russia,RUS,2020-09-09,5105.85714,,44781.0,31460.0,105708.0
Russia,RUS,2020-09-10,5143.85714,,45126.0,30600.0,108051.0
Russia,RUS,2020-09-11,5196.42857,,45480.0,30514.0,110570.0
Russia,RUS,2020-09-12,5252.71429,,45845.0,30422.0,113663.0
Russia,RUS,2020-09-13,5293.14286,,46222.0,32305.0,116419.0
Russia,RUS,2020-09-14,5329.42857,,46610.0,31779.0,118232.0
Russia,RUS,2020-09-15,5375.71429,,47012.0,31258.0,120601.0
Russia,RUS,2020-09-16,5437.14286,,47427.0,30727.0,122478.0
Russia,RUS,2020-09-17,5501.71429,,47857.0,30181.0,124842.0
Russia,RUS,2020-09-18,5558.71429,,48302.0,29623.0,127750.0
Russia,RUS,2020-09-19,5616.0,,48762.0,29056.0,129656.0
Russia,RUS,2020-09-20,5698.42857,,49240.0,28504.0,132018.0
Russia,RUS,2020-09-21,5798.28571,,49736.0,28011.0,134118.0
Russia,RUS,2020-09-22,5896.42857,,50251.0,27510.0,136093.0
Russia,RUS,2020-09-23,5994.42857,,50786.0,27005.0,139252.0
Russia,RUS,2020-09-24,6103.14286,,51341.0,26501.0,141438.0
Russia,RUS,2020-09-25,6222.14286,,51918.0,26008.0,143507.0
Russia,RUS,2020-09-26,6408.85714,,52518.0,25532.0,147450.0
Russia,RUS,2020-09-27,6617.14286,,53143.0,25065.0,152247.0
Russia,RUS,2020-09-28,6862.714290000001,,53793.0,24639.0,155422.0
Russia,RUS,2020-09-29,7139.714290000001,,54469.0,24180.0,158561.0
Russia,RUS,2020-09-30,7427.857140000001,,55174.0,23731.0,161187.0
Russia,RUS,2020-10-01,7720.714290000001,,55910.0,23290.0,163832.0
Russia,RUS,2020-10-02,8056.42857,,56676.0,22858.0,167673.0
Russia,RUS,2020-10-03,8370.71429,,57476.0,22433.0,172814.0
Russia,RUS,2020-10-04,8704.42857,,58311.0,22016.0,178603.0
Russia,RUS,2020-10-05,9080.42857,,,,
Russia,RUS,2020-10-06,9473.71429,,,,
Russia,RUS,2020-10-07,9957.0,,,,
Russia,RUS,2020-10-08,10333.28571,,,,
Russia,RUS,2020-10-09,10697.28571,,,,
Russia,RUS,2020-10-10,11085.0,,,,
Russia,RUS,2020-10-11,11511.71429,,,,
Russia,RUS,2020-10-12,11959.57143,,,,
Russia,RUS,2020-10-13,12345.85714,,,,
Russia,RUS,2020-10-14,12667.71429,,,,
Russia,RUS,2020-10-15,13112.85714,,,,
Russia,RUS,2020-10-16,13435.85714,,,,
Russia,RUS,2020-10-17,13867.85714,,,,
Russia,RUS,2020-10-18,14164.428569999998,,,,
Russia,RUS,2020-10-19,14373.71429,,,,
Russia,RUS,2020-10-20,14715.14286,,,,
Russia,RUS,2020-10-21,15065.28571,,,,
Russia,RUS,2020-10-22,15275.14286,,,,
Russia,RUS,2020-10-23,15591.85714,,,,
Russia,RUS,2020-10-24,15904.71429,,,,
Russia,RUS,2020-10-25,16133.14286,,,,
Russia,RUS,2020-10-26,16363.28571,,,,
Russia,RUS,2020-10-27,16558.28571,,,,
Russia,RUS,2020-10-28,16591.28571,,,,
Russia,RUS,2020-10-29,16663.0,,,,
Russia,RUS,2020-10-30,16912.42857,,,,
Russia,RUS,2020-10-31,17047.14286,,,,
Russia,RUS,2020-11-01,17278.42857,,,,
Russia,RUS,2020-11-02,17557.71429,,,,
Russia,RUS,2020-11-03,17687.71429,,,,
South Africa,ZAF,2020-03-03,,,70.0,33.0,92.0
South Africa,ZAF,2020-03-04,,,70.0,33.0,92.0
South Africa,ZAF,2020-03-05,,,70.0,33.0,92.0
South Africa,ZAF,2020-03-06,,,70.0,33.0,92.0
South Africa,ZAF,2020-03-07,,,70.0,33.0,92.0
South Africa,ZAF,2020-03-08,,,70.0,33.0,92.0
South Africa,ZAF,2020-03-09,1.0,,70.0,33.0,92.0
South Africa,ZAF,2020-03-10,1.75,,70.0,33.0,92.0
South Africa,ZAF,2020-03-11,1.75,,70.0,33.0,92.0
South Africa,ZAF,2020-03-12,2.6,,262.0,127.0,344.0
South Africa,ZAF,2020-03-13,3.2,,260.0,126.0,342.0
South Africa,ZAF,2020-03-14,3.83333,,285.0,138.0,381.0
South Africa,ZAF,2020-03-15,3.66667,,336.0,162.0,454.0
South Africa,ZAF,2020-03-16,8.0,,440.0,209.0,610.0
South Africa,ZAF,2020-03-17,9.16667,,605.0,286.0,857.0
South Africa,ZAF,2020-03-18,11.14286,,743.0,346.0,1070.0
South Africa,ZAF,2020-03-19,14.71429,,883.0,409.0,1295.0
South Africa,ZAF,2020-03-20,19.0,,1068.0,495.0,1604.0
South Africa,ZAF,2020-03-21,25.85714,,1309.0,600.0,2020.0
South Africa,ZAF,2020-03-22,30.85714,,1616.0,731.0,2561.0
South Africa,ZAF,2020-03-23,31.85714,,1956.0,870.0,3181.0
South Africa,ZAF,2020-03-24,48.57143,,2331.0,1013.0,3907.0
South Africa,ZAF,2020-03-25,67.42857,,2764.0,1177.0,4743.0
South Africa,ZAF,2020-03-26,84.71429,,3266.0,1320.0,5783.0
South Africa,ZAF,2020-03-27,111.0,,3837.0,1422.0,7010.0
South Africa,ZAF,2020-03-28,137.85714,,4459.0,1616.0,8477.0
South Africa,ZAF,2020-03-29,135.28571000000002,,5119.0,1747.0,9982.0
South Africa,ZAF,2020-03-30,143.71428999999998,,5816.0,1859.0,11628.0
South Africa,ZAF,2020-03-31,132.0,,6542.0,1996.0,13397.0
South Africa,ZAF,2020-04-01,113.71428999999999,,7285.0,2128.0,15252.0
South Africa,ZAF,2020-04-02,95.85714,,8025.0,2286.0,17240.0
South Africa,ZAF,2020-04-03,76.42857,,8745.0,2429.0,19289.0
South Africa,ZAF,2020-04-04,47.85714,,9437.0,2563.0,21127.0
South Africa,ZAF,2020-04-05,56.85714,,10095.0,2689.0,22948.0
South Africa,ZAF,2020-04-06,53.57143000000001,,10716.0,2835.0,24654.0
South Africa,ZAF,2020-04-07,51.42857,,11298.0,2916.0,26222.0
South Africa,ZAF,2020-04-08,56.57143000000001,,11840.0,3025.0,27642.0
South Africa,ZAF,2020-04-09,66.42857,,12345.0,3117.0,28634.0
South Africa,ZAF,2020-04-10,67.42857,,12818.0,3173.0,29709.0
South Africa,ZAF,2020-04-11,71.14286,,13264.0,3253.0,30674.0
South Africa,ZAF,2020-04-12,63.285709999999995,,13687.0,3345.0,31546.0
South Africa,ZAF,2020-04-13,74.0,,14090.0,3439.0,32334.0
South Africa,ZAF,2020-04-14,83.71429,,14477.0,3534.0,32991.0
South Africa,ZAF,2020-04-15,95.14286,,14853.0,3623.0,33569.0
South Africa,ZAF,2020-04-16,94.42857,,15219.0,3701.0,34378.0
South Africa,ZAF,2020-04-17,95.85714,,15579.0,3780.0,35149.0
South Africa,ZAF,2020-04-18,111.42857,,15935.0,3860.0,35892.0
South Africa,ZAF,2020-04-19,143.71428999999998,,16289.0,3941.0,36541.0
South Africa,ZAF,2020-04-20,140.71428999999998,,16642.0,4024.0,37168.0
South Africa,ZAF,2020-04-21,146.85714,,16996.0,4109.0,37917.0
South Africa,ZAF,2020-04-22,150.0,,17352.0,4198.0,38769.0
South Africa,ZAF,2020-04-23,161.28571000000002,,17710.0,4312.0,39562.0
South Africa,ZAF,2020-04-24,192.57143,,18071.0,4428.0,40302.0
South Africa,ZAF,2020-04-25,205.28571000000002,,18436.0,4537.0,41044.0
South Africa,ZAF,2020-04-26,189.57143,,18802.0,4629.0,41789.0
South Africa,ZAF,2020-04-27,198.28571000000002,,19167.0,4749.0,42501.0
South Africa,ZAF,2020-04-28,213.28571000000002,,19547.0,4824.0,43241.0
South Africa,ZAF,2020-04-29,218.71428999999998,,19926.0,5017.0,44002.0
South Africa,ZAF,2020-04-30,245.0,,20321.0,5123.0,44946.0
South Africa,ZAF,2020-05-01,242.0,,20720.0,5230.0,45899.0
South Africa,ZAF,2020-05-02,247.28571000000002,,21122.0,5376.0,46784.0
South Africa,ZAF,2020-05-03,282.14286,,21538.0,5517.0,47532.0
South Africa,ZAF,2020-05-04,319.57142999999996,,21961.0,5676.0,48305.0
South Africa,ZAF,2020-05-05,346.71429,,22394.0,5843.0,49085.0
South Africa,ZAF,2020-05-06,368.0,,22835.0,6007.0,49869.0
South Africa,ZAF,2020-05-07,351.14286,,23284.0,6131.0,50641.0
South Africa,ZAF,2020-05-08,369.28571,,23745.0,6268.0,51421.0
South Africa,ZAF,2020-05-09,420.57142999999996,,24216.0,6446.0,51925.0
South Africa,ZAF,2020-05-10,440.57142999999996,,24699.0,6635.0,53049.0
South Africa,ZAF,2020-05-11,461.71429000000006,,25196.0,6837.0,54189.0
South Africa,ZAF,2020-05-12,490.28570999999994,,25709.0,7020.0,55808.0
South Africa,ZAF,2020-05-13,539.71429,,26239.0,7214.0,57164.0
South Africa,ZAF,2020-05-14,609.42857,,26791.0,7416.0,58544.0
South Africa,ZAF,2020-05-15,643.8571400000001,,27369.0,7627.0,60028.0
South Africa,ZAF,2020-05-16,661.28571,,27979.0,7844.0,61398.0
South Africa,ZAF,2020-05-17,705.0,,28628.0,8066.0,62791.0
South Africa,ZAF,2020-05-18,785.71429,,29327.0,8339.0,64206.0
South Africa,ZAF,2020-05-19,825.8571400000001,,30083.0,8663.0,65647.0
South Africa,ZAF,2020-05-20,835.71429,,30910.0,9027.0,67114.0
South Africa,ZAF,2020-05-21,847.0,,31817.0,9336.0,68611.0
South Africa,ZAF,2020-05-22,914.0,,32816.0,9632.0,70142.0
South Africa,ZAF,2020-05-23,943.0,,33917.0,10039.0,71711.0
South Africa,ZAF,2020-05-24,998.28571,,35131.0,10331.0,73327.0
South Africa,ZAF,2020-05-25,1009.71429,,36471.0,10789.0,74997.0
South Africa,ZAF,2020-05-26,1026.0,,37948.0,11294.0,76732.0
South Africa,ZAF,2020-05-27,1009.1428599999999,,39571.0,11964.0,78542.0
South Africa,ZAF,2020-05-28,1133.42857,,41350.0,12583.0,80358.0
South Africa,ZAF,2020-05-29,1180.85714,,43293.0,13295.0,82712.0
South Africa,ZAF,2020-05-30,1302.14286,,45407.0,14148.0,85255.0
South Africa,ZAF,2020-05-31,1374.85714,,47700.0,15236.0,87776.0
South Africa,ZAF,2020-06-01,1442.85714,,50177.0,16502.0,90654.0
South Africa,ZAF,2020-06-02,1534.57143,,52838.0,17775.0,93627.0
South Africa,ZAF,2020-06-03,1649.7142900000001,,55686.0,19140.0,97884.0
South Africa,ZAF,2020-06-04,1655.42857,,58722.0,20470.0,104121.0
South Africa,ZAF,2020-06-05,1912.71429,,61951.0,21746.0,108795.0
South Africa,ZAF,2020-06-06,2027.71429,,65381.0,23239.0,114735.0
South Africa,ZAF,2020-06-07,2143.71429,,69013.0,25031.0,121028.0
South Africa,ZAF,2020-06-08,2228.85714,,72861.0,27112.0,125129.0
South Africa,ZAF,2020-06-09,2360.28571,,76932.0,29348.0,130783.0
South Africa,ZAF,2020-06-10,2454.14286,,81234.0,31656.0,140391.0
South Africa,ZAF,2020-06-11,2556.57143,,85774.0,34318.0,149143.0
South Africa,ZAF,2020-06-12,2539.42857,,90536.0,37164.0,153637.0
South Africa,ZAF,2020-06-13,2641.85714,,95548.0,40220.0,157536.0
South Africa,ZAF,2020-06-14,2823.28571,,100802.0,43575.0,162778.0
South Africa,ZAF,2020-06-15,3107.57143,,106286.0,47196.0,169685.0
South Africa,ZAF,2020-06-16,3236.28571,,111981.0,50775.0,176705.0
South Africa,ZAF,2020-06-17,3334.71429,,117830.0,54648.0,183819.0
South Africa,ZAF,2020-06-18,3570.14286,,123826.0,57879.0,196501.0
South Africa,ZAF,2020-06-19,3617.4285700000005,,129909.0,61470.0,208768.0
South Africa,ZAF,2020-06-20,3684.0,,136025.0,65903.0,219699.0
South Africa,ZAF,2020-06-21,3849.28571,,142112.0,70970.0,222495.0
South Africa,ZAF,2020-06-22,3894.85714,,148103.0,75373.0,228031.0
South Africa,ZAF,2020-06-23,4008.14286,,153941.0,80461.0,236247.0
South Africa,ZAF,2020-06-24,4253.42857,,159542.0,83576.0,237672.0
South Africa,ZAF,2020-06-25,4483.42857,,164814.0,87815.0,240034.0
South Africa,ZAF,2020-06-26,4926.42857,,169667.0,91360.0,242101.0
South Africa,ZAF,2020-06-27,5267.85714,,174021.0,94859.0,252829.0
South Africa,ZAF,2020-06-28,5588.42857,,177804.0,98831.0,256118.0
South Africa,ZAF,2020-06-29,5833.14286,,180950.0,100803.0,259037.0
South Africa,ZAF,2020-06-30,6096.28571,,183407.0,103046.0,257906.0
South Africa,ZAF,2020-07-01,6443.0,,185161.0,108279.0,259824.0
South Africa,ZAF,2020-07-02,6791.0,,186240.0,111365.0,263276.0
South Africa,ZAF,2020-07-03,7098.0,,186709.0,114965.0,264380.0
South Africa,ZAF,2020-07-04,7504.857140000001,,186633.0,116840.0,265839.0
South Africa,ZAF,2020-07-05,8025.285709999999,,186069.0,118023.0,264306.0
South Africa,ZAF,2020-07-06,8373.71429,,185059.0,119014.0,263846.0
South Africa,ZAF,2020-07-07,8779.57143,,183642.0,119512.0,263155.0
South Africa,ZAF,2020-07-08,9235.14286,,181860.0,119780.0,261660.0
South Africa,ZAF,2020-07-09,9333.14286,,179757.0,119539.0,259904.0
South Africa,ZAF,2020-07-10,10039.71429,,177378.0,118853.0,257342.0
South Africa,ZAF,2020-07-11,10509.0,,174763.0,117608.0,252979.0
South Africa,ZAF,2020-07-12,10886.71429,,171951.0,117453.0,247377.0
South Africa,ZAF,2020-07-13,11356.0,,168982.0,117878.0,241701.0
South Africa,ZAF,2020-07-14,11725.0,,165892.0,117663.0,237033.0
South Africa,ZAF,2020-07-15,11776.71429,,162714.0,117343.0,231338.0
South Africa,ZAF,2020-07-16,12340.57143,,159475.0,115088.0,226483.0
South Africa,ZAF,2020-07-17,12268.85714,,156195.0,111783.0,221676.0
South Africa,ZAF,2020-07-18,12415.28571,,152894.0,111716.0,216822.0
South Africa,ZAF,2020-07-19,12385.0,,149584.0,111363.0,210634.0
South Africa,ZAF,2020-07-20,12583.71429,,146277.0,109306.0,204660.0
South Africa,ZAF,2020-07-21,12261.71429,,142983.0,104744.0,198054.0
South Africa,ZAF,2020-07-22,11929.42857,,139708.0,103377.0,191583.0
South Africa,ZAF,2020-07-23,11985.57143,,136459.0,101715.0,187963.0
South Africa,ZAF,2020-07-24,11975.85714,,133239.0,99796.0,182599.0
South Africa,ZAF,2020-07-25,12057.42857,,130054.0,96808.0,179150.0
South Africa,ZAF,2020-07-26,11903.0,,126906.0,93381.0,175310.0
South Africa,ZAF,2020-07-27,11586.42857,,123798.0,90583.0,171547.0
South Africa,ZAF,2020-07-28,11271.57143,,120732.0,87277.0,169326.0
South Africa,ZAF,2020-07-29,11137.57143,,117710.0,84359.0,165610.0
South Africa,ZAF,2020-07-30,10882.14286,,114735.0,81404.0,162605.0
South Africa,ZAF,2020-07-31,10588.14286,,111806.0,77231.0,160254.0
South Africa,ZAF,2020-08-01,10169.57143,,108926.0,73820.0,157349.0
South Africa,ZAF,2020-08-02,9870.0,,106095.0,70891.0,154443.0
South Africa,ZAF,2020-08-03,9436.0,,103314.0,66893.0,152301.0
South Africa,ZAF,2020-08-04,9190.42857,,100585.0,64214.0,148669.0
South Africa,ZAF,2020-08-05,8793.85714,,97906.0,61354.0,145784.0
South Africa,ZAF,2020-08-06,8393.42857,,95279.0,58611.0,142848.0
South Africa,ZAF,2020-08-07,8002.142859999999,,92705.0,55927.0,140499.0
South Africa,ZAF,2020-08-08,7470.42857,,90182.0,53621.0,138086.0
South Africa,ZAF,2020-08-09,7128.285709999999,,87712.0,51084.0,135923.0
South Africa,ZAF,2020-08-10,6910.42857,,85293.0,48734.0,133623.0
South Africa,ZAF,2020-08-11,6676.57143,,82927.0,46476.0,131647.0
South Africa,ZAF,2020-08-12,6398.71429,,80613.0,44227.0,130158.0
South Africa,ZAF,2020-08-13,5577.42857,,78351.0,42207.0,127791.0
South Africa,ZAF,2020-08-14,4954.42857,,76139.0,40113.0,126069.0
South Africa,ZAF,2020-08-15,4809.14286,,73979.0,38177.0,123844.0
South Africa,ZAF,2020-08-16,4352.14286,,71869.0,36313.0,121664.0
South Africa,ZAF,2020-08-17,3926.71429,,69809.0,34526.0,119569.0
South Africa,ZAF,2020-08-18,3755.4285700000005,,67799.0,32876.0,117872.0
South Africa,ZAF,2020-08-19,3719.28571,,65837.0,31311.0,115721.0
South Africa,ZAF,2020-08-20,3877.28571,,63924.0,29819.0,113253.0
South Africa,ZAF,2020-08-21,3867.85714,,62059.0,28374.0,110942.0
South Africa,ZAF,2020-08-22,3456.85714,,60240.0,26953.0,108269.0
South Africa,ZAF,2020-08-23,3341.71429,,58468.0,25588.0,106632.0
South Africa,ZAF,2020-08-24,3204.0,,56854.0,24316.0,105462.0
South Africa,ZAF,2020-08-25,3080.57143,,55278.0,23106.0,103537.0
South Africa,ZAF,2020-08-26,2981.85714,,53745.0,21956.0,102889.0
South Africa,ZAF,2020-08-27,2805.85714,,52259.0,20864.0,101913.0
South Africa,ZAF,2020-08-28,2620.85714,,50829.0,19829.0,100113.0
South Africa,ZAF,2020-08-29,2397.85714,,49463.0,18893.0,98532.0
South Africa,ZAF,2020-08-30,2215.14286,,48152.0,18176.0,96898.0
South Africa,ZAF,2020-08-31,2183.28571,,46887.0,17287.0,95103.0
South Africa,ZAF,2020-09-01,2227.28571,,45668.0,16446.0,93646.0
South Africa,ZAF,2020-09-02,2177.42857,,44492.0,15649.0,92682.0
South Africa,ZAF,2020-09-03,2127.71429,,43361.0,14893.0,91813.0
South Africa,ZAF,2020-09-04,2104.14286,,42275.0,14208.0,91040.0
South Africa,ZAF,2020-09-05,2136.42857,,41229.0,13534.0,90421.0
South Africa,ZAF,2020-09-06,2047.57143,,40222.0,12895.0,89745.0
South Africa,ZAF,2020-09-07,1923.0,,39253.0,12289.0,89110.0
South Africa,ZAF,2020-09-08,1760.1428600000002,,38320.0,11714.0,88376.0
South Africa,ZAF,2020-09-09,1740.28571,,37423.0,11169.0,87766.0
South Africa,ZAF,2020-09-10,1690.8571399999998,,36560.0,10652.0,86747.0
South Africa,ZAF,2020-09-11,1631.85714,,35729.0,10161.0,86628.0
South Africa,ZAF,2020-09-12,1617.14286,,34930.0,9695.0,86056.0
South Africa,ZAF,2020-09-13,1618.57143,,34162.0,9253.0,85218.0
South Africa,ZAF,2020-09-14,1610.85714,,33423.0,8829.0,84685.0
South Africa,ZAF,2020-09-15,1626.7142900000001,,32713.0,8426.0,83744.0
South Africa,ZAF,2020-09-16,1582.85714,,32030.0,8041.0,82907.0
South Africa,ZAF,2020-09-17,1573.2857099999999,,31374.0,7675.0,81660.0
South Africa,ZAF,2020-09-18,1590.57143,,30744.0,7326.0,81312.0
South Africa,ZAF,2020-09-19,1604.14286,,30138.0,6994.0,79898.0
South Africa,ZAF,2020-09-20,1634.57143,,29557.0,6679.0,79569.0
South Africa,ZAF,2020-09-21,1631.14286,,28999.0,6379.0,78999.0
South Africa,ZAF,2020-09-22,1598.14286,,28464.0,6089.0,78642.0
South Africa,ZAF,2020-09-23,1680.1428600000002,,27951.0,5812.0,77717.0
South Africa,ZAF,2020-09-24,1677.7142900000001,,27460.0,5549.0,76817.0
South Africa,ZAF,2020-09-25,1639.57143,,26989.0,5299.0,76284.0
South Africa,ZAF,2020-09-26,1557.42857,,26539.0,5061.0,75757.0
South Africa,ZAF,2020-09-27,1406.0,,26108.0,4835.0,75115.0
South Africa,ZAF,2020-09-28,1365.0,,25696.0,4621.0,74739.0
South Africa,ZAF,2020-09-29,1390.42857,,25303.0,4417.0,74315.0
South Africa,ZAF,2020-09-30,1327.14286,,24928.0,4222.0,73898.0
South Africa,ZAF,2020-10-01,1307.2857099999999,,24571.0,4037.0,73636.0
South Africa,ZAF,2020-10-02,1290.7142900000001,,24231.0,3861.0,73416.0
South Africa,ZAF,2020-10-03,1329.14286,,23907.0,3694.0,73202.0
South Africa,ZAF,2020-10-04,1459.7142900000001,,23601.0,3534.0,72937.0
South Africa,ZAF,2020-10-05,1503.2857099999999,,,,
South Africa,ZAF,2020-10-06,1506.57143,,,,
South Africa,ZAF,2020-10-07,1524.2857099999999,,,,
South Africa,ZAF,2020-10-08,1545.14286,,,,
South Africa,ZAF,2020-10-09,1543.85714,,,,
South Africa,ZAF,2020-10-10,1528.42857,,,,
South Africa,ZAF,2020-10-11,1597.14286,,,,
South Africa,ZAF,2020-10-12,1597.42857,,,,
South Africa,ZAF,2020-10-13,1465.14286,,,,
South Africa,ZAF,2020-10-14,1613.57143,,,,
South Africa,ZAF,2020-10-15,1608.42857,,,,
South Africa,ZAF,2020-10-16,1613.2857099999999,,,,
South Africa,ZAF,2020-10-17,1667.2857099999999,,,,
South Africa,ZAF,2020-10-18,1605.0,,,,
South Africa,ZAF,2020-10-19,1617.42857,,,,
South Africa,ZAF,2020-10-20,1826.1428600000002,,,,
South Africa,ZAF,2020-10-21,1681.0,,,,
South Africa,ZAF,2020-10-22,1706.42857,,,,
South Africa,ZAF,2020-10-23,1761.57143,,,,
South Africa,ZAF,2020-10-24,1744.1428600000002,,,,
South Africa,ZAF,2020-10-25,1730.71429,,,,
South Africa,ZAF,2020-10-26,1725.0,,,,
South Africa,ZAF,2020-10-27,1643.57143,,,,
South Africa,ZAF,2020-10-28,1649.57143,,,,
South Africa,ZAF,2020-10-29,1622.14286,,,,
South Africa,ZAF,2020-10-30,1607.85714,,,,
South Africa,ZAF,2020-10-31,1610.0,,,,
South Africa,ZAF,2020-11-01,1600.85714,,,,
South Africa,ZAF,2020-11-02,1565.0,,,,
South Africa,ZAF,2020-11-03,1548.0,,,,
United States,USA,2020-01-02,0.0,,,,
United States,USA,2020-01-03,0.0,,,,
United States,USA,2020-01-04,0.0,,,,
United States,USA,2020-01-05,0.0,,,,
United States,USA,2020-01-06,0.0,,,,
United States,USA,2020-01-07,0.0,,,,
United States,USA,2020-01-08,0.0,,,,
United States,USA,2020-01-09,0.0,,,,
United States,USA,2020-01-10,0.0,,,,
United States,USA,2020-01-11,0.0,,,,
United States,USA,2020-01-12,0.0,,,,
United States,USA,2020-01-13,0.0,,,,
United States,USA,2020-01-14,0.0,,,,
United States,USA,2020-01-15,0.0,,,,
United States,USA,2020-01-16,0.0,,,,
United States,USA,2020-01-17,0.0,,,,
United States,USA,2020-01-18,0.0,,,,
United States,USA,2020-01-19,0.0,,,,
United States,USA,2020-01-20,0.0,,,,
United States,USA,2020-01-21,0.14286,,,,
United States,USA,2020-01-22,0.14286,,,,
United States,USA,2020-01-23,0.14286,,,,
United States,USA,2020-01-24,0.14286,,,,
United States,USA,2020-01-25,0.28570999999999996,,,,
United States,USA,2020-01-26,0.28570999999999996,,,,
United States,USA,2020-01-27,0.71429,,,,
United States,USA,2020-01-28,0.57143,,,,
United States,USA,2020-01-29,0.57143,,,,
United States,USA,2020-01-30,0.57143,,,,
United States,USA,2020-01-31,0.71429,,,,
United States,USA,2020-02-01,0.71429,,,,
United States,USA,2020-02-02,0.85714,,,,
United States,USA,2020-02-03,0.85714,,,,
United States,USA,2020-02-04,0.85714,,,,
United States,USA,2020-02-05,0.85714,,125.0,66.0,178.0
United States,USA,2020-02-06,1.0,,125.0,66.0,178.0
United States,USA,2020-02-07,0.85714,,125.0,66.0,178.0
United States,USA,2020-02-08,0.71429,,125.0,66.0,178.0
United States,USA,2020-02-09,0.57143,,287.0,163.0,405.0
United States,USA,2020-02-10,0.14286,,287.0,163.0,405.0
United States,USA,2020-02-11,0.28570999999999996,,287.0,163.0,405.0
United States,USA,2020-02-12,0.28570999999999996,,287.0,163.0,405.0
United States,USA,2020-02-13,0.28570999999999996,,451.0,272.0,630.0
United States,USA,2020-02-14,0.42857,,661.0,402.0,921.0
United States,USA,2020-02-15,0.42857,,1200.0,738.0,1613.0
United States,USA,2020-02-16,0.42857,,2397.0,1456.0,3079.0
United States,USA,2020-02-17,0.42857,,3896.0,2512.0,4917.0
United States,USA,2020-02-18,0.28570999999999996,,4305.0,2820.0,5447.0
United States,USA,2020-02-19,0.28570999999999996,,5053.0,3372.0,6398.0
United States,USA,2020-02-20,0.14286,,5193.0,3472.0,6589.0
United States,USA,2020-02-21,0.14286,,5724.0,3888.0,7249.0
United States,USA,2020-02-22,2.8571400000000002,,6763.0,4661.0,8566.0
United States,USA,2020-02-23,2.8571400000000002,,8011.0,5625.0,10167.0
United States,USA,2020-02-24,2.8571400000000002,,10187.0,7150.0,12998.0
United States,USA,2020-02-25,5.42857,,16065.0,10707.0,20471.0
United States,USA,2020-02-26,5.42857,,19490.0,13234.0,24885.0
United States,USA,2020-02-27,6.28571,,21237.0,14313.0,27350.0
United States,USA,2020-02-28,6.28571,,25811.0,17236.0,33607.0
United States,USA,2020-02-29,4.42857,,31609.0,20559.0,41839.0
United States,USA,2020-03-01,4.85714,,41136.0,26165.0,55096.0
United States,USA,2020-03-02,7.714289999999999,,51217.0,32258.0,69268.0
United States,USA,2020-03-03,7.142860000000001,,63322.0,39660.0,86278.0
United States,USA,2020-03-04,10.28571,,77793.0,48099.0,106991.0
United States,USA,2020-03-05,14.28571,,97353.0,59646.0,134908.0
United States,USA,2020-03-06,24.71429,,119386.0,72481.0,166748.0
United States,USA,2020-03-07,38.85714,,144259.0,87752.0,202177.0
United States,USA,2020-03-08,52.0,,171401.0,105652.0,238758.0
United States,USA,2020-03-09,66.42857,,200187.0,126868.0,274658.0
United States,USA,2020-03-10,93.0,,229552.0,151773.0,310365.0
United States,USA,2020-03-11,128.57143,,255718.0,173642.0,342127.0
United States,USA,2020-03-12,164.71428999999998,,277059.0,188863.0,369729.0
United States,USA,2020-03-13,204.28571000000002,,293420.0,202972.0,389466.0
United States,USA,2020-03-14,262.28571,,304572.0,210110.0,400196.0
United States,USA,2020-03-15,359.71429,,311839.0,216332.0,410800.0
United States,USA,2020-03-16,460.0,,315676.0,221329.0,420669.0
United States,USA,2020-03-17,558.1428599999999,,316993.0,224743.0,424734.0
United States,USA,2020-03-18,771.71429,,316684.0,227988.0,424581.0
United States,USA,2020-03-19,1157.57143,,315302.0,230491.0,421942.0
United States,USA,2020-03-20,1798.1428600000002,,313327.0,232377.0,419850.0
United States,USA,2020-03-21,2492.85714,,310873.0,233361.0,416398.0
United States,USA,2020-03-22,3399.4285700000005,,308030.0,234040.0,411682.0
United States,USA,2020-03-23,4490.28571,,304931.0,233573.0,405484.0
United States,USA,2020-03-24,5968.71429,,301611.0,232542.0,397492.0
United States,USA,2020-03-25,6972.0,,298094.0,230301.0,390529.0
United States,USA,2020-03-26,8539.85714,,294362.0,228387.0,384136.0
United States,USA,2020-03-27,10248.71429,,290388.0,226545.0,377022.0
United States,USA,2020-03-28,12151.71429,,286171.0,223004.0,369592.0
United States,USA,2020-03-29,13988.28571,,281742.0,218792.0,361943.0
United States,USA,2020-03-30,15402.71429,,277051.0,214442.0,354721.0
United States,USA,2020-03-31,16882.57143,,272147.0,209865.0,347175.0
United States,USA,2020-04-01,19198.14286,,267047.0,205066.0,339767.0
United States,USA,2020-04-02,21075.28571,,261780.0,200490.0,332731.0
United States,USA,2020-04-03,22792.71429,,256375.0,196226.0,326096.0
United States,USA,2020-04-04,24754.14286,,250858.0,191747.0,319082.0
United States,USA,2020-04-05,26796.0,,245265.0,187225.0,312205.0
United States,USA,2020-04-06,27801.42857,,239635.0,182743.0,305542.0
United States,USA,2020-04-07,29082.285710000004,,234004.0,178185.0,298569.0
United States,USA,2020-04-08,29884.42857,,228406.0,173748.0,291535.0
United States,USA,2020-04-09,30773.0,,222873.0,169445.0,284846.0
United States,USA,2020-04-10,31499.0,,217428.0,164955.0,277760.0
United States,USA,2020-04-11,31942.142860000004,,212091.0,160818.0,271154.0
United States,USA,2020-04-12,31102.0,,206875.0,156810.0,264825.0
United States,USA,2020-04-13,31419.42857,,201789.0,152728.0,258641.0
United States,USA,2020-04-14,30628.285710000004,,196837.0,148731.0,252694.0
United States,USA,2020-04-15,30101.0,,192019.0,144794.0,247218.0
United States,USA,2020-04-16,29647.42857,,187334.0,140923.0,241768.0
United States,USA,2020-04-17,29328.285710000004,,182779.0,137199.0,236475.0
United States,USA,2020-04-18,28657.714289999996,,178350.0,133429.0,231465.0
United States,USA,2020-04-19,29305.0,,174042.0,129647.0,226734.0
United States,USA,2020-04-20,28873.714289999996,,169850.0,126033.0,221858.0
United States,USA,2020-04-21,29308.285710000004,,165771.0,122595.0,217365.0
United States,USA,2020-04-22,30789.285710000004,,161800.0,119197.0,212843.0
United States,USA,2020-04-23,28995.0,,157934.0,115935.0,208558.0
United States,USA,2020-04-24,28263.0,,154171.0,112764.0,204503.0
United States,USA,2020-04-25,26908.57143,,150509.0,109623.0,200491.0
United States,USA,2020-04-26,29138.142860000004,,146947.0,106582.0,196455.0
United States,USA,2020-04-27,29460.42857,,143481.0,103474.0,192713.0
United States,USA,2020-04-28,28671.285710000004,,140113.0,100477.0,188997.0
United States,USA,2020-04-29,26791.71429,,136839.0,97544.0,185318.0
United States,USA,2020-04-30,28182.857139999996,,133661.0,94723.0,181775.0
United States,USA,2020-05-01,28664.857139999996,,130580.0,91960.0,178351.0
United States,USA,2020-05-02,30465.285710000004,,127596.0,89184.0,175051.0
United States,USA,2020-05-03,27716.57143,,124710.0,86598.0,171873.0
United States,USA,2020-05-04,27447.285710000004,,121920.0,84066.0,168801.0
United States,USA,2020-05-05,27454.714289999996,,119235.0,81673.0,165817.0
United States,USA,2020-05-06,27413.142860000004,,116655.0,79342.0,162980.0
United States,USA,2020-05-07,26956.285710000004,,114182.0,77121.0,160355.0
United States,USA,2020-05-08,26735.14286,,111823.0,75030.0,157772.0
United States,USA,2020-05-09,25735.42857,,109582.0,73103.0,155336.0
United States,USA,2020-05-10,25210.28571,,107471.0,71255.0,153036.0
United States,USA,2020-05-11,24536.85714,,105497.0,69543.0,150793.0
United States,USA,2020-05-12,23897.42857,,103671.0,67969.0,148897.0
United States,USA,2020-05-13,23641.28571,,102007.0,66505.0,147245.0
United States,USA,2020-05-14,23163.28571,,100518.0,65225.0,145672.0
United States,USA,2020-05-15,22988.14286,,99217.0,64043.0,144237.0
United States,USA,2020-05-16,22781.14286,,98119.0,62981.0,143015.0
United States,USA,2020-05-17,22620.42857,,97237.0,62079.0,142225.0
United States,USA,2020-05-18,22422.57143,,96583.0,61397.0,141604.0
United States,USA,2020-05-19,22954.57143,,96172.0,60817.0,141147.0
United States,USA,2020-05-20,22657.71429,,96013.0,60634.0,141078.0
United States,USA,2020-05-21,23015.28571,,96116.0,60580.0,141429.0
United States,USA,2020-05-22,22771.14286,,96489.0,60734.0,142103.0
United States,USA,2020-05-23,22576.71429,,97144.0,61064.0,143039.0
United States,USA,2020-05-24,22112.28571,,98088.0,61666.0,144403.0
United States,USA,2020-05-25,22354.42857,,99330.0,62448.0,146129.0
United States,USA,2020-05-26,21957.71429,,100886.0,63573.0,148175.0
United States,USA,2020-05-27,21806.28571,,102768.0,64834.0,150574.0
United States,USA,2020-05-28,21154.28571,,104979.0,66447.0,153576.0
United States,USA,2020-05-29,20637.57143,,107532.0,68251.0,156809.0
United States,USA,2020-05-30,20807.57143,,110439.0,70393.0,160772.0
United States,USA,2020-05-31,21102.0,,113719.0,72911.0,165035.0
United States,USA,2020-06-01,20993.28571,,117388.0,75685.0,169817.0
United States,USA,2020-06-02,21282.14286,,121463.0,78774.0,174873.0
United States,USA,2020-06-03,21515.57143,,125962.0,82114.0,180508.0
United States,USA,2020-06-04,21655.28571,,130910.0,85829.0,187050.0
United States,USA,2020-06-05,21558.57143,,136320.0,89953.0,194312.0
United States,USA,2020-06-06,21535.85714,,142218.0,94539.0,202302.0
United States,USA,2020-06-07,21382.42857,,148622.0,99319.0,211208.0
United States,USA,2020-06-08,21738.85714,,155553.0,104218.0,220271.0
United States,USA,2020-06-09,21415.42857,,163028.0,109849.0,230397.0
United States,USA,2020-06-10,21147.0,,171061.0,115748.0,240910.0
United States,USA,2020-06-11,21277.71429,,179654.0,122266.0,252785.0
United States,USA,2020-06-12,21526.71429,,188809.0,128975.0,265731.0
United States,USA,2020-06-13,21592.57143,,198514.0,136131.0,278929.0
United States,USA,2020-06-14,22066.42857,,208744.0,143665.0,292483.0
United States,USA,2020-06-15,21672.28571,,219462.0,151461.0,306953.0
United States,USA,2020-06-16,21834.42857,,230611.0,159808.0,322218.0
United States,USA,2020-06-17,22554.42857,,242119.0,168068.0,336165.0
United States,USA,2020-06-18,23260.85714,,253901.0,177200.0,350600.0
United States,USA,2020-06-19,23957.85714,,265852.0,186413.0,365183.0
United States,USA,2020-06-20,24567.85714,,277861.0,195734.0,379230.0
United States,USA,2020-06-21,25799.0,,289803.0,205445.0,394180.0
United States,USA,2020-06-22,26691.85714,,301551.0,215521.0,408075.0
United States,USA,2020-06-23,28325.142860000004,,312980.0,225207.0,421316.0
United States,USA,2020-06-24,29898.714289999996,,323972.0,234265.0,433839.0
United States,USA,2020-06-25,31153.0,,334422.0,243325.0,446450.0
United States,USA,2020-06-26,33036.85714,,344241.0,251743.0,457815.0
United States,USA,2020-06-27,35268.0,,353361.0,259818.0,468215.0
United States,USA,2020-06-28,36457.714289999996,,361736.0,267433.0,477171.0
United States,USA,2020-06-29,38297.714289999996,,369337.0,274164.0,485212.0
United States,USA,2020-06-30,39750.0,,376151.0,280256.0,492463.0
United States,USA,2020-07-01,41058.57143,,382177.0,285554.0,498968.0
United States,USA,2020-07-02,43588.42857,,387424.0,289521.0,505460.0
United States,USA,2020-07-03,45367.0,,391911.0,293171.0,510219.0
United States,USA,2020-07-04,46640.57143,,395665.0,296529.0,514336.0
United States,USA,2020-07-05,47031.285710000004,,398716.0,299414.0,517279.0
United States,USA,2020-07-06,48519.85714,,401102.0,301857.0,519717.0
United States,USA,2020-07-07,49724.714289999996,,402860.0,303717.0,521756.0
United States,USA,2020-07-08,51666.57143,,404028.0,304871.0,523337.0
United States,USA,2020-07-09,52646.285710000004,,404645.0,305739.0,524372.0
United States,USA,2020-07-10,54018.428570000004,,404746.0,306235.0,524571.0
United States,USA,2020-07-11,55758.85714,,404367.0,306472.0,523848.0
United States,USA,2020-07-12,58306.0,,403542.0,305688.0,522419.0
United States,USA,2020-07-13,59472.428570000004,,402302.0,305082.0,520711.0
United States,USA,2020-07-14,60633.0,,400678.0,303983.0,518311.0
United States,USA,2020-07-15,62210.85714,,398699.0,302879.0,516105.0
United States,USA,2020-07-16,63469.571429999996,,396396.0,301404.0,513373.0
United States,USA,2020-07-17,65459.0,,393794.0,299666.0,510150.0
United States,USA,2020-07-18,66154.57143,,390921.0,297391.0,505987.0
United States,USA,2020-07-19,66254.28571,,387803.0,295341.0,502058.0
United States,USA,2020-07-20,66902.57143,,384462.0,292942.0,498202.0
United States,USA,2020-07-21,66707.71429,,380922.0,290070.0,493517.0
United States,USA,2020-07-22,67212.0,,377205.0,287080.0,489127.0
United States,USA,2020-07-23,67373.57143,,373331.0,283910.0,484626.0
United States,USA,2020-07-24,65411.571429999996,,369321.0,280807.0,479665.0
United States,USA,2020-07-25,66402.0,,365478.0,278065.0,474904.0
United States,USA,2020-07-26,66651.85714,,361524.0,275147.0,470087.0
United States,USA,2020-07-27,65822.85714,,357490.0,272070.0,465232.0
United States,USA,2020-07-28,65750.42857,,353402.0,268660.0,459839.0
United States,USA,2020-07-29,64277.0,,349300.0,265416.0,454768.0
United States,USA,2020-07-30,65153.714289999996,,345223.0,262240.0,449660.0
United States,USA,2020-07-31,65844.57143,,341160.0,258907.0,444883.0
United States,USA,2020-08-01,64215.428570000004,,337101.0,255539.0,439363.0
United States,USA,2020-08-02,63202.428570000004,,333055.0,252139.0,433987.0
United States,USA,2020-08-03,61990.714289999996,,329031.0,248912.0,429165.0
United States,USA,2020-08-04,60471.285710000004,,325045.0,245578.0,424454.0
United States,USA,2020-08-05,59870.0,,321101.0,242334.0,419508.0
United States,USA,2020-08-06,56701.285710000004,,317202.0,238813.0,414846.0
United States,USA,2020-08-07,55518.85714,,313349.0,235124.0,410148.0
United States,USA,2020-08-08,54251.285710000004,,309548.0,231750.0,405669.0
United States,USA,2020-08-09,53939.0,,306013.0,228902.0,401604.0
United States,USA,2020-08-10,53844.14286,,302536.0,225827.0,397448.0
United States,USA,2020-08-11,54404.571429999996,,299128.0,222628.0,393611.0
United States,USA,2020-08-12,52874.285710000004,,295802.0,219465.0,389872.0
United States,USA,2020-08-13,53322.42857,,292579.0,216416.0,385854.0
United States,USA,2020-08-14,52085.14286,,289482.0,213428.0,382688.0
United States,USA,2020-08-15,53040.57143,,286497.0,210274.0,380191.0
United States,USA,2020-08-16,51878.285710000004,,283610.0,207421.0,377271.0
United States,USA,2020-08-17,51200.714289999996,,280821.0,204610.0,374690.0
United States,USA,2020-08-18,49133.0,,278132.0,201765.0,372284.0
United States,USA,2020-08-19,48744.14286,,275549.0,199142.0,370124.0
United States,USA,2020-08-20,47527.714289999996,,273072.0,196549.0,367833.0
United States,USA,2020-08-21,46515.0,,270698.0,193866.0,365715.0
United States,USA,2020-08-22,44378.14286,,268423.0,191300.0,363957.0
United States,USA,2020-08-23,43848.57143,,266247.0,188903.0,362232.0
United States,USA,2020-08-24,42763.14286,,264170.0,186313.0,360547.0
United States,USA,2020-08-25,43226.285710000004,,262193.0,183714.0,359366.0
United States,USA,2020-08-26,42373.14286,,260316.0,181464.0,358537.0
United States,USA,2020-08-27,41719.14286,,258536.0,179245.0,357746.0
United States,USA,2020-08-28,41991.14286,,256853.0,177025.0,357248.0
United States,USA,2020-08-29,41958.85714,,255268.0,174794.0,356362.0
United States,USA,2020-08-30,41925.285710000004,,253779.0,172827.0,356116.0
United States,USA,2020-08-31,42078.85714,,252388.0,170862.0,355610.0
United States,USA,2020-09-01,41443.42857,,251094.0,168818.0,355317.0
United States,USA,2020-09-02,42374.85714,,249898.0,166747.0,355493.0
United States,USA,2020-09-03,41790.0,,248799.0,164874.0,355928.0
United States,USA,2020-09-04,40410.0,,247798.0,163097.0,356720.0
United States,USA,2020-09-05,40612.42857,,246896.0,161233.0,357484.0
United States,USA,2020-09-06,40612.0,,246093.0,159411.0,358646.0
United States,USA,2020-09-07,39894.0,,245391.0,157692.0,360222.0
United States,USA,2020-09-08,38522.57143,,244789.0,156165.0,361924.0
United States,USA,2020-09-09,36020.14286,,244288.0,154632.0,363671.0
United States,USA,2020-09-10,35044.85714,,243890.0,153263.0,366065.0
United States,USA,2020-09-11,35224.57143,,243596.0,151700.0,368411.0
United States,USA,2020-09-12,34794.57143,,243406.0,150466.0,371360.0
United States,USA,2020-09-13,34320.285710000004,,243322.0,149232.0,374592.0
United States,USA,2020-09-14,34794.0,,243345.0,147962.0,377482.0
United States,USA,2020-09-15,36307.0,,243477.0,146811.0,380369.0
United States,USA,2020-09-16,39785.714289999996,,243719.0,145640.0,383439.0
United States,USA,2020-09-17,38738.714289999996,,244073.0,144444.0,387545.0
United States,USA,2020-09-18,39604.42857,,244540.0,143449.0,391964.0
United States,USA,2020-09-19,39911.285710000004,,245124.0,142555.0,396409.0
United States,USA,2020-09-20,39836.285710000004,,245825.0,141394.0,401014.0
United States,USA,2020-09-21,40690.714289999996,,246646.0,140367.0,406238.0
United States,USA,2020-09-22,43306.714289999996,,247590.0,139536.0,411439.0
United States,USA,2020-09-23,41425.85714,,248660.0,138749.0,417261.0
United States,USA,2020-09-24,43330.42857,,249856.0,137972.0,423875.0
United States,USA,2020-09-25,43422.714289999996,,251183.0,137242.0,430862.0
United States,USA,2020-09-26,44109.0,,252643.0,136574.0,437591.0
United States,USA,2020-09-27,44833.714289999996,,254240.0,135920.0,444584.0
United States,USA,2020-09-28,44318.85714,,255975.0,135235.0,451677.0
United States,USA,2020-09-29,41439.57143,,257853.0,134570.0,459471.0
United States,USA,2020-09-30,42112.42857,,259877.0,133901.0,467592.0
United States,USA,2020-10-01,42691.285710000004,,262051.0,133327.0,476240.0
United States,USA,2020-10-02,42771.0,,264377.0,132836.0,485640.0
United States,USA,2020-10-03,42693.57143,,266861.0,132404.0,495330.0
United States,USA,2020-10-04,43449.42857,,269506.0,132003.0,505524.0
United States,USA,2020-10-05,43257.0,,,,
United States,USA,2020-10-06,44358.0,,,,
United States,USA,2020-10-07,44364.42857,,,,
United States,USA,2020-10-08,45250.14286,,,,
United States,USA,2020-10-09,46968.57143,,,,
United States,USA,2020-10-10,47484.42857,,,,
United States,USA,2020-10-11,48000.42857,,,,
United States,USA,2020-10-12,49242.714289999996,,,,
United States,USA,2020-10-13,49378.14286,,,,
United States,USA,2020-10-14,50728.85714,,,,
United States,USA,2020-10-15,52329.42857,,,,
United States,USA,2020-10-16,53327.285710000004,,,,
United States,USA,2020-10-17,55066.428570000004,,,,
United States,USA,2020-10-18,55400.714289999996,,,,
United States,USA,2020-10-19,56007.285710000004,,,,
United States,USA,2020-10-20,58651.14286,,,,
United States,USA,2020-10-21,59512.85714,,,,
United States,USA,2020-10-22,60026.0,,,,
United States,USA,2020-10-23,61207.85714,,,,
United States,USA,2020-10-24,63361.14286,,,,
United States,USA,2020-10-25,67139.0,,,,
United States,USA,2020-10-26,68795.71429,,,,
United States,USA,2020-10-27,69967.0,,,,
United States,USA,2020-10-28,72335.57143,,,,
United States,USA,2020-10-29,74534.57143,,,,
United States,USA,2020-10-30,76830.57143,,,,
United States,USA,2020-10-31,79108.28571,,,,
United States,USA,2020-11-01,78519.42857,,,,
United States,USA,2020-11-02,81599.57143,,,,
United States,USA,2020-11-03,83817.28571,,,,
